kind,source,offset,value
path,libAkSoundEngine.so,0x1d2f6b,/HWBy
url,libAkSoundEngine.so,0x346c08,https://android.googlesource.com/toolchain/llvm-project
hostname,libAkSoundEngine.so,0x346c08,android.googlesource.com
path,libAkSoundEngine.so,0xf2a1b7,/6Ny/
path,libAkSoundEngine.so,0x1aa37ea,/buildbot/src/android/ndk-r25-release/ndk
path,libAkSoundEngine.so,0x1ec33bc,/buildbot/src/android/ndk-r25-release
hostname,libFirebaseCppApp-12_10_0.so,0x3477e8,com.google
hostname,libFirebaseCppApp-12_10_0.so,0x359658,firestore.googleapis.com
hostname,libFirebaseCppApp-12_10_0.so,0x3624b0,facebook.com
hostname,libFirebaseCppApp-12_10_0.so,0x3624bd,gc.apple.com
hostname,libFirebaseCppApp-12_10_0.so,0x3624ca,github.com
hostname,libFirebaseCppApp-12_10_0.so,0x3624d5,microsoft.com
hostname,libFirebaseCppApp-12_10_0.so,0x3624e9,playgames.google.com
hostname,libFirebaseCppApp-12_10_0.so,0x3624fe,twitter.com
hostname,libFirebaseCppApp-12_10_0.so,0x36250a,yahoo.com
path,libFirebaseCppApp-12_10_0.so,0x367b91,/v0/b/
url,libFirebaseCppApp-12_10_0.so,0x412358,https://android.googlesource.com/toolchain/llvm-project
hostname,libFirebaseCppApp-12_10_0.so,0x412358,android.googlesource.com
url,libFirebaseCppMessaging.so,0x100d0,https://android.googlesource.com/toolchain/llvm-project
hostname,libFirebaseCppMessaging.so,0x100d0,android.googlesource.com
path,libbugsnag-ndk.so,0x20ab6,/memfd:
path,libbugsnag-ndk.so,0x21b57,/maps
path,libbugsnag-ndk.so,0x21f1d,/stat
url,libbugsnag-ndk.so,0x11fc18,https://android.googlesource.com/toolchain/llvm-project
hostname,libbugsnag-ndk.so,0x11fc18,android.googlesource.com
url,libbugsnag-plugin-android-anr.so,0x2d60,https://android.googlesource.com/toolchain/llvm-project
hostname,libbugsnag-plugin-android-anr.so,0x2d60,android.googlesource.com
path,libbugsnag-root-detection.so,0x620,/su/bin
path,libbugsnag-root-detection.so,0x67b,/sbin
url,libbugsnag-root-detection.so,0xc28,https://android.googlesource.com/toolchain/llvm-project
hostname,libbugsnag-root-detection.so,0xc28,android.googlesource.com
hostname,libil2cpp.so,0xf5f519,s.lp1.p.srv.nintendo.net
hostname,libil2cpp.so,0xf6592b,s.dd1.p.srv.nintendo.net
path,libil2cpp.so,0xf704b8,/fxLf
path,libil2cpp.so,0xf7d6c8,/OeRZS
path,libil2cpp.so,0x215a235,/19ho
path,libil2cpp.so,0x241d181,/R9HQ
path,libil2cpp.so,0x2629c99,/29HX
path,libil2cpp.so,0x26d785d,/59hN
path,libil2cpp.so,0x2751509,/59h2
path,libil2cpp.so,0x2833e79,/19Hg
path,libil2cpp.so,0x283d101,/89H4
path,libil2cpp.so,0x2895409,/79H{
path,libil2cpp.so,0x2a004c5,/19H8
path,libil2cpp.so,0x2c8323d,/59H?
path,libil2cpp.so,0x2dcece9,/L9Ho
path,libil2cpp.so,0x2de4095,/49hL
path,libil2cpp.so,0x2ead19d,/39Hw
path,libil2cpp.so,0x2ecaf59,/.9hO
path,libil2cpp.so,0x2fc2e85,/79hZ
path,libil2cpp.so,0x2fe1c99,/39HV
path,libil2cpp.so,0x3014545,/a9hz
path,libil2cpp.so,0x38c6869,/M-U/
path,libil2cpp.so,0x4360eb9,/B-vE
path,libil2cpp.so,0x437305f,/hZR9H
path,libil2cpp.so,0x45e115a,/9hzV
path,libil2cpp.so,0x45e1cda,/9inV
path,libil2cpp.so,0x45efece,/9h6B9
path,libil2cpp.so,0x4692bd3,/hbJ9
path,libil2cpp.so,0x487edb6,/9hNx
path,libil2cpp.so,0x5042897,/iBF9
path,libil2cpp.so,0x548f7cf,/hFA9
path,libil2cpp.so,0x57a7973,/9qUw
path,libil2cpp.so,0x5814c97,/vY-5
path,libil2cpp.so,0x581ea44,/.}Fq
path,libil2cpp.so,0x582da9b,/3cA%9
path,libil2cpp.so,0x5831d93,/c.bZ
path,libil2cpp.so,0x5851ca7,/ZBp_
path,libil2cpp.so,0x5851ea7,/ZBMe
path,libil2cpp.so,0x5852550,/Yx86
path,libil2cpp.so,0x5888411,/}K1U
path,libil2cpp.so,0x589ad5e,/SABF
path,libil2cpp.so,0x589d953,/wll_
path,libil2cpp.so,0x58ae772,/}llhY
path,libil2cpp.so,0x5971b4a,/YBch
path,libil2cpp.so,0x5975ec1,/Mkhm
path,libil2cpp.so,0x5986cab,/1AWwQ
path,libil2cpp.so,0x59ac21c,/Haz{6
path,libil2cpp.so,0x59ad7bb,/3210
path,libil2cpp.so,0x59b5093,/5678
path,libil2cpp.so,0x59d614b,/DTdt
path,libil2cpp.so,0x59e4fd4,/HazC
path,libil2cpp.so,0x59fb755,/Hab1
path,libil2cpp.so,0x59ffffa,/4:987
path,libil2cpp.so,0x5a076a8,/1PMA
path,libil2cpp.so,0x5a0771d,/uCZBhL
path,libil2cpp.so,0x5a0aaa2,/UTc8
path,libil2cpp.so,0x5f237b3,/eLLB
path,libil2cpp.so,0x5f8a1c8,/MBge
path,libil2cpp.so,0x5fa2e48,/VGgMF
path,libil2cpp.so,0x61fb548,/zCge
path,libil2cpp.so,0x62499c8,/KBgt
path,libil2cpp.so,0x625e9c8,/PCge
path,libil2cpp.so,0x6269e49,/bgby
path,libil2cpp.so,0x629ba48,/1Cge
path,libil2cpp.so,0x629d9c8,/.Cge
path,libil2cpp.so,0x62a1ec8,/EBg4H
path,libil2cpp.so,0x6383d70,/48Z0
path,libil2cpp.so,0x639cbc8,/KBge
path,libil2cpp.so,0x63c07f0,/C8Z?
path,libil2cpp.so,0x63d9f16,/CJgv
path,libil2cpp.so,0x64afec9,/AgWi
path,libil2cpp.so,0x64d4948,/nJg7
path,libil2cpp.so,0x65eb448,/sBgOT
path,libil2cpp.so,0x66315f0,/45ZB
path,libil2cpp.so,0x66a3c49,/BgnK
path,libil2cpp.so,0x66c5548,/YBgMN
path,libil2cpp.so,0x67817b9,/BsDd
path,libil2cpp.so,0x67b4739,/Asbd
path,libil2cpp.so,0x6858dc8,/OBge
path,libil2cpp.so,0x68870c9,/Bgj.
path,libil2cpp.so,0x6958c70,/-8ZC
path,libil2cpp.so,0x69626c8,/6Bge
path,libil2cpp.so,0x6a891c9,/Bg9k
path,libil2cpp.so,0x6b10767,/MdqP
path,libil2cpp.so,0x6b20d1b,/W0Po
path,libil2cpp.so,0x6c1d6a4,/CWk{
path,libil2cpp.so,0x6c20554,/CWkCJ
path,libil2cpp.so,0x6c64830,/kDw:
path,libil2cpp.so,0x6c66875,/20i3
path,libil2cpp.so,0x6c681d3,/0XCW
path,libil2cpp.so,0x6c80444,/v/N1
path,libil2cpp.so,0x6cb1e33,/.Q5f
path,libil2cpp.so,0x6cbde81,/Pwaw
path,libil2cpp.so,0x6cd2f83,/4.Xe
path,libil2cpp.so,0x6cdf397,/gAoV
path,libil2cpp.so,0x6cea748,/65VP
path,libil2cpp.so,0x6cf7808,/GoSe
path,libil2cpp.so,0x6d17e65,/6tR}
path,libil2cpp.so,0x6d3c68b,/wES:
path,libil2cpp.so,0x6d3ebf7,/tO?5C
path,libil2cpp.so,0x6d46a46,/efm9
path,libil2cpp.so,0x6d4ceda,/ZFO0
path,libil2cpp.so,0x6d69595,/qt4V
path,libil2cpp.so,0x6d75d72,/npe-
path,libil2cpp.so,0x6d83ef7,/HqJcx
path,libil2cpp.so,0x6d959b5,/gi}{Z8u
path,libil2cpp.so,0x6d9f47e,/AbCK
path,libil2cpp.so,0x6db1ed4,/OlDu
path,libil2cpp.so,0x6dbb30f,/N:jnk
path,libil2cpp.so,0x6dc1c71,/%UFZK
path,libil2cpp.so,0x6dc2768,/hJL_
path,libil2cpp.so,0x6dee1a2,/.7RQ
path,libil2cpp.so,0x6e2f42c,/yYQ_
path,libil2cpp.so,0x6e32c7e,/f0ctP
path,libil2cpp.so,0x6e3cf75,/_}gQuVP
path,libil2cpp.so,0x6e3fea4,/E/Yh
path,libil2cpp.so,0x6e5baf8,/x9kS?rE
path,libil2cpp.so,0x6e77830,/Tl0-
path,libil2cpp.so,0x6e7f907,/{uk7
path,libil2cpp.so,0x6e9f016,/2xQt
path,libil2cpp.so,0x6e9f5c2,/95id
path,libil2cpp.so,0x6ee8bb0,/ve.m
path,libil2cpp.so,0x6ef2c4d,/ntHI
path,libil2cpp.so,0x6efb39d,/Na:F6
path,libil2cpp.so,0x6f0cd8d,/ezOqs?
path,libil2cpp.so,0x6f43beb,/z9OP
path,libil2cpp.so,0x6f5bbe3,/TGhW
path,libil2cpp.so,0x6f5ce72,/efC5x
path,libil2cpp.so,0x6f6166f,/dDPF
path,libil2cpp.so,0x6f6281d,/h.J:
path,libil2cpp.so,0x6f62f14,/iB_m
path,libil2cpp.so,0x6f73a9a,/mIhu
path,libil2cpp.so,0x6f73fe8,/324.
path,libil2cpp.so,0x6f77a44,/0Hgye
path,libil2cpp.so,0x6f7c369,/ScC9
path,libil2cpp.so,0x6f7cb16,/6.CM
path,libil2cpp.so,0x6faaca3,/vkcQ
path,libil2cpp.so,0x6fb8c92,/}0aN
path,libil2cpp.so,0x6fc8959,/.Kny
path,libil2cpp.so,0x6fdb194,/hmbu
path,libil2cpp.so,0x6fdf956,/Lwbn4
path,libil2cpp.so,0x6fe137c,/TXbv
path,libil2cpp.so,0x6fec248,/n-ro
path,libil2cpp.so,0x6ffac00,/Odq2DbHG
path,libil2cpp.so,0x70006ad,/UBE?
path,libil2cpp.so,0x70287eb,/8Bd8
path,libil2cpp.so,0x703a48c,/yc6c
path,libil2cpp.so,0x703cb2b,/WG6l
path,libil2cpp.so,0x70515e5,/:1_Q
path,libil2cpp.so,0x707e33b,/x:IE
path,libil2cpp.so,0x708309c,/XIZB}z
path,libil2cpp.so,0x708f400,/y{z3
path,libil2cpp.so,0x7090d43,/xBIV
path,libil2cpp.so,0x709226f,/zvvU0
path,libil2cpp.so,0x7096373,/IsEwEz
path,libil2cpp.so,0x709f2b8,/TI5z
path,libil2cpp.so,0x70a7198,/PcqPmT
path,libil2cpp.so,0x70b0327,/s-YK
path,libil2cpp.so,0x70ea8ad,/%nyU
path,libil2cpp.so,0x7105111,/3B6b
path,libil2cpp.so,0x71058f2,/%xsJ
hostname,libil2cpp.so,0x7105aa2,l.uk
hostname,libil2cpp.so,0x710dbf0,l.gl
path,libil2cpp.so,0x711baea,/U8OM
path,libil2cpp.so,0x7121c9b,/-2kez
path,libil2cpp.so,0x712413e,/XYf3N
path,libil2cpp.so,0x7152787,/XinV
path,libil2cpp.so,0x7156704,/EJkY
path,libil2cpp.so,0x715cfc9,/6bLk
path,libil2cpp.so,0x717386f,/d{-.
path,libil2cpp.so,0x71765de,/s4ax
path,libil2cpp.so,0x717a2f2,/DXDYij
path,libil2cpp.so,0x7185bd9,/vSuq
path,libil2cpp.so,0x71962a0,/SsZq{56
url,libmain.so,0x1168,https://android.googlesource.com/toolchain/llvm-project
hostname,libmain.so,0x1168,android.googlesource.com
url,libnabe-android.so,0x2700,https://android.googlesource.com/toolchain/llvm-project
hostname,libnabe-android.so,0x2700,android.googlesource.com
path,libs2pcore.so,0x343150,/v3/booster/rank_race/show_term_situation
path,libs2pcore.so,0x34317c,/v1/version
path,libs2pcore.so,0x345a6d,/v3/booster/rank_race/save_term_result
path,libs2pcore.so,0x345a94,/v3/booster/rank_race/show_last_joined_term_situation
path,libs2pcore.so,0x345aeb,/v3/security_nonce/generate_nonce
url,libs2pcore.so,0x3478c2,http://www.w3.org/xmlns/2000/
hostname,libs2pcore.so,0x3478c2,www.w3.org
url,libs2pcore.so,0x347902,http://xml.org/sax/features/namespaces
hostname,libs2pcore.so,0x347902,xml.org
url,libs2pcore.so,0x34ab49,http://xml.org/sax/properties/declaration-handler
path,libs2pcore.so,0x34eb92,/config/tzdata/
path,libs2pcore.so,0x35078c,/v1/shared_resources
url,libs2pcore.so,0x35428d,http://www.appinf.com/properties/bla-maximum-amplification
hostname,libs2pcore.so,0x35428d,www.appinf.com
path,libs2pcore.so,0x355a7f,/v3/limited_subscription/get_purchases_with_account_hold
path,libs2pcore.so,0x355ab8,/v1/na/friend_candidates
path,libs2pcore.so,0x355ad1,/v1/players/search_tokens
url,libs2pcore.so,0x35665c,http://www.w3.org/XML/1998/namespace
url,libs2pcore.so,0x35674e,http://xml.org/sax/features/external-parameter-entities
path,libs2pcore.so,0x358029,/v3/subscription_continuation/update_continuation
path,libs2pcore.so,0x35b879,/v3/booster/event_race/list_term_statistics
path,libs2pcore.so,0x35b8e9,/v3/booster/rank_race/list_rivals
url,libs2pcore.so,0x35cbcf,http://xml.org/sax/properties/lexical-handler
path,libs2pcore.so,0x35e744,/v3/inventory/get_inventories
url,libs2pcore.so,0x35f7f4,http://xml.org/sax/features/external-general-entities
path,libs2pcore.so,0x3611d2,/v3/booster/mk8dx/fetch_play_report
path,libs2pcore.so,0x36124c,/v2/payment/received_extra_bonuses/list
path,libs2pcore.so,0x361274,/v3/server_controlled_constant/get_all_constants
path,libs2pcore.so,0x364d4e,/pkg/data/tzdata/
url,libs2pcore.so,0x366fc5,https://en.cppreference.com/w/cpp/named_req/Compare
hostname,libs2pcore.so,0x366fc5,en.cppreference.com
path,libs2pcore.so,0x36a093,/v1/assets/base_url
path,libs2pcore.so,0x36a0b7,/v1/payment/received_extra_bonus_amounts
url,libs2pcore.so,0x36b2b5,http://xml.org/sax/features/validation
path,libs2pcore.so,0x370376,/v3/booster/giftable_player_resource/gift_and_save_storages
path,libs2pcore.so,0x3703b2,/v3/booster/mii/create_miis
path,libs2pcore.so,0x3703ce,/v3/debug_player/set_debug_time
url,libs2pcore.so,0x371756,http://www.appinf.com/features/enable-partial-reads
path,libs2pcore.so,0x37303e,/v3/limited_subscription/get_entitlements
path,libs2pcore.so,0x377005,/v3/booster/season_summary/list_summary_prepared_seasons
path,libs2pcore.so,0x37981f,/v3/booster/rank_race/join
url,libs2pcore.so,0x37bf2b,http://xml.org/sax/features/string-interning
url,libs2pcore.so,0x37eafd,http://www.appinf.com/features/no-whitespace-in-element-content
url,libs2pcore.so,0x37eb50,http://xml.org/sax/features/namespace-prefixes
url,libs2pcore.so,0x37eb95,http://www.w3.org/2000/xmlns/
path,libs2pcore.so,0x3802c0,/v3/booster/mii/search_miis
path,libs2pcore.so,0x3802dc,/v3/booster/rank_race/list_player_situations
path,libs2pcore.so,0x380326,/v1/friend_requests
path,libs2pcore.so,0x38033a,/v3/limited_nintendo_account/fetch_nintendo_account
path,libs2pcore.so,0x38036e,/v1/players/_/storages/list
path,libs2pcore.so,0x386d89,/workspace/vcpkg_installed/arm64-android/lib/engines-3
url,libs2pcore.so,0x3876b9,http://%s
path,libs2pcore.so,0x387a0e,/v3/booster/giftable_player_resource/delete_gifts_and_save_storages
path,libs2pcore.so,0x387a52,/v3/booster/giftable_player_resource/list_gifts
path,libs2pcore.so,0x387a82,/v3/booster/intentional_push_notification/send_push_notifications
path,libs2pcore.so,0x387ac4,/v3/booster/mii/list_own_miis
path,libs2pcore.so,0x387b5c,/v1/secure_random
url,libs2pcore.so,0x38d93a,http://www.appinf.com/properties/bla-activation-threshold
path,libs2pcore.so,0x391fa4,/v3/debug_player/show_debug_player
path,libs2pcore.so,0x391fc7,/v3/inventory/receive_server_controlled_resources
path,libs2pcore.so,0x391ff9,/v3/daily_bonus/update_daily_bonus
path,libs2pcore.so,0x39550b,/v3/booster/mii/delete_miis
path,libs2pcore.so,0x395527,/v3/booster/rank_race/update_score
path,libs2pcore.so,0x398371,/v3/debug_player/destroy_debug_player
path,libs2pcore.so,0x39a071,/workspace/vcpkg_installed/arm64-android/lib/ossl-modules
path,libs2pcore.so,0x39aeff,/v3/booster/rank_race/join_and_update_scores
path,libs2pcore.so,0x39af30,/v1/suspicious_activity
path,libs2pcore.so,0x39bd34,/config/data/tzdata/
path,libs2pcore.so,0x39d5ae,/v3/booster/izumo/create_client_key
path,libs2pcore.so,0x39d604,/v1/friend_history
path,libs2pcore.so,0x39ffb5,/v3/limited_subscription/get_global_purchases
path,libs2pcore.so,0x39ffe3,/v1/masters
path,libs2pcore.so,0x3a316f,/v1/shared_resource_messages
path,libs2pcore.so,0x3cc838,/-/-/------/---/------
path,libs2pcore.so,0x7e183f,/cT0OA
path,libs2pcore.so,0x7e193f,/cT0O
path,libs2pcore.so,0x7e28ef,/cT0OO
path,libs2pcore.so,0x7f2b70,/hn80hm8/h-80h.8
path,libs2pcore.so,0x8fe96b,/}UPO
hostname,libs2pcore.so,0x90005c,openssl.org
path,libs2pcore.so,0x945832,/vP?gV
path,libs2pcore.so,0x94a6a3,/TmZ.
hostname,libs2pcore.so,0xa5f710,arm.com
url,libs2pcore.so,0xbbf3a0,https://android.googlesource.com/toolchain/llvm-project
hostname,libs2pcore.so,0xbbf3a0,android.googlesource.com
hostname,libunity.so,0x15ad5a,unity.io
hostname,libunity.so,0x163adf,unityengine.gl
hostname,libunity.so,0x17f257,unityengine.io
path,libunity.so,0x184cb1,/topology/physical_package_id
path,libunity.so,0x1964cb,/FSType
path,libunity.so,0x19c21a,/assets/unity_obb_guid
path,libunity.so,0x1a5004,/tombstone_%02d
hostname,libunity.so,0x1b0010,public.app
path,libunity.so,0x1bfd4c,/il2cpp
url,libunity.so,0x1c34f7,https://curl.se/docs/http-cookies.html
url,libunity.so,0x1f6cc2,https://curl.se/docs/alt-svc.html
path,libunity.so,0x233c28,/..namedfork/rsrc
path,libunity.so,0x23c50f,/cpufreq/cpuinfo_max_freq
hostname,libunity.so,0x2535af,x.org
hostname,libunity.so,0x25f62c,example.com
path,libunity.so,0x26eb5f,/vulkan_pso_cache.bin
path,libunity.so,0x275c21,/414443
path,libunity.so,0x27bdc5,/KMIO
path,libunity.so,0x2894b1,/KdyP
path,libunity.so,0x2906b2,/./f/
path,libunity.so,0xae3793,/cT?Oc
path,libunity.so,0xb25a5f,/cT?O
path,libunity.so,0xb55d0b,/BT?OB
path,libunity.so,0xdfd81f,/T8a.B8an
path,libunity.so,0xdfd91b,/G8a.B8an
path,libunity.so,0xe040ff,/c8a.
path,libunity.so,0x10ef8d7,/{W?O
path,libunity.so,0x1153ecf,/9W?O
path,libunity.so,0x11867de,/9ibI9h
path,libunity.so,0x11b8a94,/yoxn
path,libunity.so,0x14eab7f,/LQA9
path,libunity.so,0x158c047,/1V?O1
path,libunity.so,0x1597667,/Lii8
path,libunity.so,0x159966b,/-ij8
path,libunity.so,0x15dfa54,/i.xA
path,libunity.so,0x15feaec,/hlxPilxQhlxRjlx
path,libunity.so,0x162ee2c,/ho80
path,libunity.so,0x16c479c,/{.xl
path,libunity.so,0x170344b,/cT8OB
path,libunity.so,0x1717b34,/in8_
hostname,libunity.so,0x180426c,android.app
url,libunity.so,0x1804a90,https://android.googlesource.com/toolchain/llvm-project
hostname,libunity.so,0x1804a90,android.googlesource.com
url,libunity.so,0x1804b2e,https://android.googlesource.com/toolchain/clang
url,libunity.so,0x1804b2e,https://android.googlesource.com/toolchain/llvm
hostname,classes.dex,0x30c306,tga.tw
url,classes.dex,0x48a755,https://developer.android.com/google/play/integrity/reference/com/google/android/play/core/integrity/model/IntegrityErrorCode.html#
hostname,classes.dex,0x48a755,developer.android.com
url,classes.dex,0x48a7dd,https://developer.android.com/google/play/integrity/reference/com/google/android/play/core/integrity/model/StandardIntegrityErrorCode.html#
hostname,classes.dex,0x48bfaf,com.google
path,classes.dex,0x492876,/%s.properties
path,classes.dex,0x492886,/1.0.0
path,classes.dex,0x4928b9,/audit/v1
path,classes.dex,0x4928c4,/bigdata/v1
path,classes.dex,0x4928d1,/birthday
path,classes.dex,0x4928dc,/cmdline
path,classes.dex,0x492943,/connect/1.0.0/authorize?
path,classes.dex,0x49295e,/core/v1
path,classes.dex,0x492968,/country
path,classes.dex,0x492979,/gender
path,classes.dex,0x492982,/inquiry/v1
path,classes.dex,0x49298f,/libmain.so
path,classes.dex,0x49299c,/mii_studio?
path,classes.dex,0x4929cd,/nickname
path,classes.dex,0x4929d8,/notification/v1
path,classes.dex,0x492a02,/raw/
path,classes.dex,0x492a09,/removable
path,classes.dex,0x492a33,/su/bin
path,classes.dex,0x492a3c,/subs/v1
path,classes.dex,0x492af2,/term_chooser/faq
path,classes.dex,0x492b05,/topics/
path,classes.dex,0x492b0f,/vcm/v1
hostname,classes.dex,0x493659,android.com
path,classes.dex,0x49ab6a,/AnimatedStateListDrawableCompat_android_visible
url,classes.dex,0x49b084,https://firebase.google.com/support/guides/disable-analytics
hostname,classes.dex,0x49b084,firebase.google.com
path,classes.dex,0x4a01ce,/Base_Widget_AppCompat_Button_Borderless_Colored
path,classes.dex,0x4a0875,/Base_Widget_AppCompat_Toolbar_Button_Navigation
hostname,classes.dex,0x4a4a2a,dispatchers.io
hostname,classes.dex,0x4a4e17,java.io
url,classes.dex,0x4abcc3,https://firebase.google.com/docs/analytics
path,classes.dex,0x4ac4cf,/DeviceOrientationRequest.DEFAULT_SHOULD_USE_MAG
hostname,classes.dex,0x4b578b,debug.firebase.analytics.app
url,classes.dex,0x4bd258,https://goo.gl/NAOOOI
hostname,classes.dex,0x4bd258,goo.gl
path,classes.dex,0x51f73e,/LinearLayoutCompat_Layout_android_layout_height
path,classes.dex,0x51f76f,/LinearLayoutCompat_Layout_android_layout_weight
hostname,classes.dex,0x528360,vnd.google
url,classes.dex,0x52b21d,https://docs.bugsnag.com/platforms/android/anr-link-errors
hostname,classes.dex,0x52b21d,docs.bugsnag.com
url,classes.dex,0x52b2a0,https://docs.bugsnag.com/platforms/android/ndk-link-errors
path,classes.dex,0x52f72a,/PURPOSE_RESTRICTION_REQUIRE_LEGITIMATE_INTEREST
url,classes.dex,0x531228,https://firebase.google.com/support/privacy/init-options
hostname,classes.dex,0x5339f0,androidx.appcompat.app
path,classes.dex,0x5354f9,/RtlOverlay_Widget_AppCompat_ActionBar_TitleItem
path,classes.dex,0x535658,/RtlOverlay_Widget_AppCompat_PopupMenuItem_Title
path,classes.dex,0x537a33,/SUBSCRIPTION_FIELD_ATTRIBUTES_FREE_TRIAL_PERIOD
path,classes.dex,0x53e0cf,/TextAppearance_AppCompat_Widget_ActionBar_Title
path,classes.dex,0x53e33a,/TextAppearance_AppCompat_Widget_PopupMenu_Large
path,classes.dex,0x53e36b,/TextAppearance_AppCompat_Widget_PopupMenu_Small
path,classes.dex,0x5489d5,/Widget_AppCompat_Light_ActionBar_TabBar_Inverse
url,classes.dex,0x5495cb,https://github.com/googleapis/google-api-java-client#batching
hostname,classes.dex,0x5495cb,github.com
url,classes.dex,0x549928,https://docs.bugsnag.com/platforms/android/#basic-configuration
hostname,classes.dex,0x553cce,accounts.nintendo.com
path,classes.dex,0x5553c4,/alternative_billing_only_dialog_result_receiver
hostname,classes.dex,0x5555ce,www.google.com
hostname,classes.dex,0x555694,android.app
hostname,classes.dex,0x555896,android.google
path,classes.dex,0x555896,/android.google.analytics.action.DEEPLINK_ACTION
path,classes.dex,0x555a45,/android.intent.action.ACTION_POWER_DISCONNECTED
hostname,classes.dex,0x55615c,android.net
hostname,classes.dex,0x55712f,handroidx.appcompat.app
hostname,classes.dex,0x557179,6androidx.appcompat.app
hostname,classes.dex,0x55732d,4androidx.core.app
hostname,classes.dex,0x557363,1androidx.core.app
hostname,classes.dex,0x557396,androidx.core.app
path,classes.dex,0x55770b,/androidx.fragment.extra.ACTIVITY_OPTIONS_BUNDLE
path,classes.dex,0x557815,/androidx.lifecycle.internal.SavedStateHandlesVM
hostname,classes.dex,0x5580b1,api.accounts.nintendo.com
hostname,classes.dex,0x558119,app-measurement.com
path,classes.dex,0x55a7a1,/btn_radio_to_off_mtrl_ring_outer_path_animation
hostname,classes.dex,0x55c865,cn.google
path,classes.dex,0x55ccfd,/com.android.vending.billing.ALTERNATIVE_BILLING
hostname,classes.dex,0x55d585,1com.google
hostname,classes.dex,0x55d5b8,mcom.google
hostname,classes.dex,0x55d607,ncom.google
hostname,classes.dex,0x55d657,vcom.google
hostname,classes.dex,0x55d854,dcom.google
hostname,classes.dex,0x55d89a,ecom.google
hostname,classes.dex,0x55d8e1,ccom.google
path,classes.dex,0x55d98e,/com.google.android.gms.actions.APPEND_ITEM_LIST
path,classes.dex,0x55d9eb,/com.google.android.gms.actions.CREATE_ITEM_LIST
path,classes.dex,0x55da74,/com.google.android.gms.actions.DELETE_ITEM_LIST
hostname,classes.dex,0x55dafd,7com.google
path,classes.dex,0x55db94,/com.google.android.gms.actions.extra.ITEM_NAMES
path,classes.dex,0x55dbc5,/com.google.android.gms.actions.extra.ITEM_QUERY
path,classes.dex,0x55dc26,/com.google.android.gms.actions.extra.LIST_QUERY
path,classes.dex,0x55dc82,/com.google.android.gms.actions.extra.NOTE_QUERY
hostname,classes.dex,0x55dd24,3com.google
hostname,classes.dex,0x55dd9f,8com.google
hostname,classes.dex,0x55ddd9,5com.google
hostname,classes.dex,0x55debf,qcom.google
hostname,classes.dex,0x55df12,4com.google
path,classes.dex,0x55dfba,/com.google.android.gms.common.images.LOAD_IMAGE
hostname,classes.dex,0x55e09a,0com.google
hostname,classes.dex,0x55e1b8,fcom.google
hostname,classes.dex,0x55e280,lcom.google
hostname,classes.dex,0x55e2ce,jcom.google
hostname,classes.dex,0x55e4f2,6com.google
path,classes.dex,0x55e70e,/com.google.android.gms.dynamic.IFragmentWrapper
path,classes.dex,0x55e76e,/com.google.android.gms.dynamite.IDynamiteLoader
hostname,classes.dex,0x55e9fa,2com.google
hostname,classes.dex,0x55eaa9,bcom.google
path,classes.dex,0x55ed55,/com.google.android.gms.games.key.retryingSignIn
hostname,classes.dex,0x55f0e1,gcom.google
hostname,classes.dex,0x55f24e,9com.google
path,classes.dex,0x55f2f9,/com.google.android.gms.measurement.SCION_UPLOAD
hostname,classes.dex,0x55f588,icom.google
hostname,classes.dex,0x55f6c4,hcom.google
hostname,classes.dex,0x55f9e3,acom.google
hostname,classes.dex,0x560835,scom.google
hostname,classes.dex,0x5608d4,pcom.google
hostname,classes.dex,0x560b3b,com.google.android.wearable.app
hostname,classes.dex,0x560b84,com.google.app
path,classes.dex,0x560cca,/com.google.firebase.analytics.FirebaseAnalytics
path,classes.dex,0x560e4e,/com.google.firebase.messaging.NOTIFICATION_OPEN
hostname,classes.dex,0x5612a4,3com.nintendo
path,classes.dex,0x5613b8,/com.unity.androidnotifications.exact_scheduling
path,classes.dex,0x56177c,/common_google_play_services_network_error_title
path,classes.dex,0x5617e4,/common_google_play_services_notification_ticker
path,classes.dex,0x5618ed,/common_google_play_services_sign_in_failed_text
path,classes.dex,0x563f57,/create_Analytics_DisabledUsingResettableId_6403
hostname,classes.dex,0x5695bd,firebaseinstallations.googleapis.com
hostname,classes.dex,0x56a6c6,gcm.n.link
path,classes.dex,0x56c7b8,/getCompareProfileIntentWithAlternativeNameHints
path,classes.dex,0x56ef2b,/getGooglePlayServicesAvailabilityRecoveryIntent
hostname,classes.dex,0x576805,google-analytics.com
url,classes.dex,0x5779ac,http://google.com/
hostname,classes.dex,0x5779ac,google.com
url,classes.dex,0x5779bf,http://play.google.com/store/account/subscriptions
hostname,classes.dex,0x5779bf,play.google.com
url,classes.dex,0x5779f3,http://schemas.android.com/apk/res/android
hostname,classes.dex,0x5779f3,schemas.android.com
url,classes.dex,0x577aa3,https://%s/%s/%s
url,classes.dex,0x577ab4,https://%s/inapp?platform=google&client_id=%s&country=%s&page=%s%s%s
url,classes.dex,0x577afb,https://app-measurement.com/a
url,classes.dex,0x577b1a,https://app-measurement.com/s/d
url,classes.dex,0x577b3b,https://bugsnag.com
hostname,classes.dex,0x577b3b,bugsnag.com
url,classes.dex,0x577b50,https://google.com/search?
url,classes.dex,0x577b6c,https://notify.bugsnag.com
hostname,classes.dex,0x577b6c,notify.bugsnag.com
url,classes.dex,0x577b87,https://oauth2.googleapis.com/token
hostname,classes.dex,0x577b87,oauth2.googleapis.com
url,classes.dex,0x577bac,https://pagead2.googlesyndication.com/pagead/gen_204?id=gmob-apps
hostname,classes.dex,0x577bac,pagead2.googlesyndication.com
url,classes.dex,0x577bf0,https://pubsub.googleapis.com/
hostname,classes.dex,0x577bf0,pubsub.googleapis.com
url,classes.dex,0x577c0f,https://pubsub.mtls.googleapis.com/
hostname,classes.dex,0x577c0f,pubsub.mtls.googleapis.com
url,classes.dex,0x577c35,https://sessions.bugsnag.com
hostname,classes.dex,0x577c35,sessions.bugsnag.com
url,classes.dex,0x577c53,https://www.google.com
url,classes.dex,0x577c6a,https://www.googleadservices.com/pagead/conversion/app/deeplink?id_type=adid&sdk_version=%s&rdid=%s&bundleid=%s&retry=%s
hostname,classes.dex,0x577c6a,www.googleadservices.com
url,classes.dex,0x577ce4,https://www.googleapis.com/auth/appstate
hostname,classes.dex,0x577ce4,www.googleapis.com
url,classes.dex,0x577d0e,https://www.googleapis.com/auth/cloud-platform
url,classes.dex,0x577d3e,https://www.googleapis.com/auth/datastoremobile
url,classes.dex,0x577d6f,https://www.googleapis.com/auth/drive
url,classes.dex,0x577d96,https://www.googleapis.com/auth/drive.appdata
url,classes.dex,0x577dc5,https://www.googleapis.com/auth/drive.apps
url,classes.dex,0x577df1,https://www.googleapis.com/auth/drive.file
url,classes.dex,0x577e1d,https://www.googleapis.com/auth/games
url,classes.dex,0x577e44,https://www.googleapis.com/auth/games.firstparty
url,classes.dex,0x577e76,https://www.googleapis.com/auth/games_lite
url,classes.dex,0x577ea2,https://www.googleapis.com/auth/plus.login
url,classes.dex,0x577ece,https://www.googleapis.com/auth/plus.me
hostname,classes.dex,0x577ece,plus.me
url,classes.dex,0x577ef7,https://www.googleapis.com/auth/pubsub
url,classes.dex,0x577f1f,https://www.googleapis.com/auth/userinfo.email
url,classes.dex,0x577f4f,https://www.googleapis.com/auth/userinfo.profile
url,classes.dex,0x577f81,https://www.googleapis.com/batch
hostname,classes.dex,0x57cb75,jp.co.nintendo
path,classes.dex,0x57d5df,/kotlinx.coroutines.flow.SubscribedFlowCollector
hostname,classes.dex,0x57d610,kotlinx.coroutines.io
hostname,classes.dex,0x57e024,libcore.io
hostname,classes.dex,0x5805fe,client.dev
path,classes.dex,0x580d46,/measurement.id.rb.attribution.retry_disposition
hostname,classes.dex,0x581a53,service.dev
path,classes.dex,0x581dba,/measurement.sgtm.upload.batches_retrieval_limit
path,classes.dex,0x581e7e,/measurement.sgtm.upload.min_delay_after_startup
path,classes.dex,0x5820f4,/measurement.upload.google_signal_max_queue_time
path,classes.dex,0x5824bd,/measurement.upload.stale_data_deletion_interval
hostname,classes.dex,0x5851d6,com.nintendo
hostname,classes.dex,0x5853a0,java.net
path,classes.dex,0x5879b1,/onCheckRemainExchangePromotionPurchasedCallback
path,classes.dex,0x59246b,/setCompoundDrawablesRelativeWithIntrinsicBounds
path,classes.dex,0x5b760e,/7pB7
path,classes.dex,0x5b7629,/7zT7
path,classes.dex,0x5b7836,/7w77FB7
path,classes.dex,0x5bf6d7,/7I47
hostname,resources.arsc,0x946b,hh166790037073-jsusu2jk8fv5ucndjprvnq9eumb2p02n.apps.googleusercontent.com
url,resources.arsc,0x97f3,https://npf-booster-a6913b7.firebaseio.com
hostname,resources.arsc,0x97f3,npf-booster-a6913b7.firebaseio.com
hostname,resources.arsc,0x9838,npf-booster-a6913b7.appspot.com
hostname,resources.arsc,0x2d66c,com.nintendo
hostname,resources.arsc,0x37dc4,textappearance.compat.notification.info
hostname,data.unity3d,0x66d,public.app
path,data.unity3d,0xf7c,/Terrain/Utilities
path,data.unity3d,0x1272,/CompositeOverdraw
path,data.unity3d,0x14e9,/Separabl
path,data.unity3d,0x1e7b7,/.x_D
path,data.unity3d,0x1e864,/.xWh
path,data.unity3d,0x2010b,/b4us
path,data.unity3d,0x20114,/15ik
path,data.unity3d,0x20943,/.xNh
path,data.unity3d,0x217ab,/DPOT
path,data.unity3d,0x22da2,/23N4
path,data.unity3d,0x22da8,/23M4
path,data.unity3d,0x26183,/13o1/
path,data.unity3d,0x28300,/10AJ
path,data.unity3d,0x2ad44,/qCombinen
path,data.unity3d,0x2e034,/211/
path,data.unity3d,0x2f910,/23MC
path,data.unity3d,0x30aef,/21_.
path,data.unity3d,0x30e31,/20QY
path,data.unity3d,0x30f95,/11gV
path,data.unity3d,0x312ae,/_4-2
path,data.unity3d,0x3529c,/12Tn
path,data.unity3d,0x39cf1,/ywJjo
path,data.unity3d,0x3d08e,/Procedural
path,data.unity3d,0x4504c,/11Dh-
path,data.unity3d,0x45853,/.y{H
url,data.unity3d,0x4d24d,http://chilliant.blogspot.com.au/2012/08/srgb-aG
hostname,data.unity3d,0x4d24d,chilliant.blogspot.com
path,data.unity3d,0x50440,/11wq
path,data.unity3d,0x517ac,/zw16
path,data.unity3d,0x517b3,/ut16
path,data.unity3d,0x5210a,/PrjFrom
hostname,data.unity3d,0x5c9df,com.nintendo
path,data.unity3d,0x5dfa5,/Lo-/
path,data.unity3d,0x5e3dd,/1alc
path,data.unity3d,0x651e6,/RupC
path,data.unity3d,0x657fa,/Chf5
path,data.unity3d,0x678af,/mi4g
path,data.unity3d,0x678bf,/EdHh
path,data.unity3d,0x67c9a,/Re8-
path,data.unity3d,0x6d86a,/ii9A
path,data.unity3d,0x6f587,/oi%1
hostname,data.unity3d,0x70c1b,om.nintendo
path,data.unity3d,0x71e03,/1tch
path,data.unity3d,0x723c7,/1Cor
path,data.unity3d,0x761ee,/oiPM
path,data.unity3d,0x990cd,/ji/e
path,data.unity3d,0xf1bca,/y2m3
path,data.unity3d,0x1490d2,/taga
path,data.unity3d,0x26f5e9,/8/f/p/
path,data.unity3d,0x271840,/:/h/r/
url,data.unity3d,0x28b4f5,http://f
hostname,data.unity3d,0x28b500,co.jp
path,data.unity3d,0x2b1f77,/sgBj
path,data.unity3d,0x2d7b48,/QBBP
path,data.unity3d,0x37a2b0,/i8CP
path,data.unity3d,0x3890be,/m3VR
path,data.unity3d,0x3a2201,/k92Y
path,data.unity3d,0x3fe046,/q_KE
path,data.unity3d,0x467e55,/Ipjg
path,data.unity3d,0x491087,/25%V
path,data.unity3d,0x491462,/13C3o
path,data.unity3d,0x491f10,/46cV
path,data.unity3d,0x4920c8,/117-
path,data.unity3d,0x49223a,/12FeK
path,data.unity3d,0x492a31,/38BB
hostname,data.unity3d,0x497c67,nintendo.com
path,data.unity3d,0x4c5437,/1?fG=
path,data.unity3d,0x4ce64e,/060G
path,data.unity3d,0x50a8b5,/}?Gf
path,data.unity3d,0x529abc,/:g?U
path,data.unity3d,0x579469,/f?tH
path,data.unity3d,0x598b0c,/01hy
url,data.unity3d,0x5c6fbb,https://notify.b
path,data.unity3d,0x60573c,/8s?s
path,data.unity3d,0x614a45,/pw-?
path,unity default resources,0xaafff,/333?333
url,unity default resources,0xb5759,http://www.ascendercorp.com/
hostname,unity default resources,0xb5759,www.ascendercorp.com
url,unity default resources,0xb57b0,http://www.ascendercorp.com/typedesigners.html
url,unity default resources,0xb58df,http://scripts.sil.org/OFL
hostname,unity default resources,0xb58df,scripts.sil.org
path,unity default resources,0xd4888,/R1?7
path,unity default resources,0x10afe1,/0uJ9
path,UdemaeRestoreList.encrypt_encoded.bytes,0x264,/a0U1
