hostname,category,sources
%s.dd1.p.srv.nintendo.net,possible-endpoint,libil2cpp.so;pia_izumo_npln_strings.txt
%s.lp1.p.srv.nintendo.net,possible-endpoint,libil2cpp.so;pia_izumo_npln_strings.txt
166790037073-jsusu2jk8fv5ucndjprvnq9eumb2p02n.apps.googleusercontent.com,possible-endpoint,res/values
a6913b7b80402974409b47079c29d775.baas.nintendo.com,possible-endpoint,assets/npf.json
accounts.nintendo.com,possible-endpoint,classes.dex;jadx:com.nintendo
api.accounts.nintendo.com,possible-endpoint,classes.dex;jadx:com.nintendo
app-measurement.com,possible-endpoint,classes.dex
arm.com,doc/library-reference,libs2pcore.so
bugsnag.com,possible-endpoint,classes.dex
chilliant.blogspot.com,doc/library-reference,data.unity3d
developer.android.com,doc/library-reference,classes.dex
docs.bugsnag.com,doc/library-reference,classes.dex
en.cppreference.com,doc/library-reference,libs2pcore.so
example.com,doc/library-reference,libunity.so
facebook.com,doc/library-reference,libFirebaseCppApp-12_10_0.so
firebase.google.com,doc/library-reference,classes.dex
firebaseinstallations.googleapis.com,possible-endpoint,classes.dex
firestore.googleapis.com,possible-endpoint,libFirebaseCppApp-12_10_0.so
gc.apple.com,doc/library-reference,libFirebaseCppApp-12_10_0.so
github.com,doc/library-reference,classes.dex;libFirebaseCppApp-12_10_0.so
goo.gl,doc/library-reference,classes.dex
google-analytics.com,possible-endpoint,classes.dex
google.com,possible-endpoint,classes.dex
kotlinx.coroutines.io,doc/library-reference,classes.dex
libcore.io,doc/library-reference,classes.dex
microsoft.com,doc/library-reference,libFirebaseCppApp-12_10_0.so
notify.bugsnag.com,possible-endpoint,classes.dex
npf-booster-a6913b7.appspot.com,possible-endpoint,res/values;resources.arsc
npf-booster-a6913b7.firebaseio.com,possible-endpoint,res/values;resources.arsc
oauth2.googleapis.com,possible-endpoint,classes.dex
openssl.org,doc/library-reference,libs2pcore.so
pagead2.googlesyndication.com,possible-endpoint,classes.dex
play.google.com,possible-endpoint,classes.dex;jadx:com.nintendo
playgames.google.com,possible-endpoint,libFirebaseCppApp-12_10_0.so
plus.me,doc/library-reference,classes.dex
pubsub.googleapis.com,possible-endpoint,classes.dex
pubsub.mtls.googleapis.com,possible-endpoint,classes.dex
schemas.android.com,doc/library-reference,classes.dex
scripts.sil.org,doc/library-reference,unity default resources
sessions.bugsnag.com,possible-endpoint,classes.dex
twitter.com,doc/library-reference,libFirebaseCppApp-12_10_0.so
www.appinf.com,doc/library-reference,libs2pcore.so
www.ascendercorp.com,doc/library-reference,unity default resources
www.google.com,possible-endpoint,classes.dex
www.googleadservices.com,possible-endpoint,classes.dex
www.googleapis.com,possible-endpoint,classes.dex
www.w3.org,doc/library-reference,libs2pcore.so
xml.org,doc/library-reference,libs2pcore.so
yahoo.com,doc/library-reference,libFirebaseCppApp-12_10_0.so
