apk,component_type,name
base.apk,activity,com.android.billingclient.api.ProxyBillingActivity
base.apk,activity,com.android.billingclient.api.ProxyBillingActivityV2
base.apk,activity,com.google.android.gms.common.api.GoogleApiActivity
base.apk,activity,com.google.android.gms.games.internal.v2.resolution.GamesResolutionActivity
base.apk,activity,com.google.android.play.core.common.PlayCoreDialogWrapperActivity
base.apk,activity,com.google.firebase.MessagingUnityPlayerActivity
base.apk,activity,com.google.games.bridge.GenericResolutionActivity
base.apk,activity,com.google.games.bridge.NativeBridgeActivity
base.apk,activity,com.nintendo.npf.sdk.internal.app.MiiStudioActivity
base.apk,activity,com.nintendo.npf.sdk.internal.app.NaAuthenticationActivity
base.apk,service,com.google.android.datatransport.runtime.backends.TransportBackendDiscovery
base.apk,service,com.google.android.datatransport.runtime.scheduling.jobscheduling.JobInfoSchedulerService
base.apk,service,com.google.android.gms.measurement.AppMeasurementJobService
base.apk,service,com.google.android.gms.measurement.AppMeasurementService
base.apk,service,com.google.firebase.components.ComponentDiscoveryService
base.apk,service,com.google.firebase.messaging.FirebaseMessagingService
base.apk,service,com.google.firebase.messaging.MessageForwardingService
base.apk,service,com.google.firebase.messaging.cpp.ListenerService
base.apk,service,com.google.firebase.messaging.cpp.RegistrationIntentService
base.apk,receiver,com.google.android.datatransport.runtime.scheduling.jobscheduling.AlarmManagerSchedulerBroadcastReceiver
base.apk,receiver,com.google.android.gms.measurement.AppMeasurementReceiver
base.apk,receiver,com.google.firebase.iid.FirebaseInstanceIdReceiver
base.apk,receiver,com.unity.androidnotifications.UnityNotificationManager
base.apk,receiver,com.unity.androidnotifications.UnityNotificationRestartReceiver
base.apk,receiver,jp.co.nintendo.booster.android.localpush.NotificationReceiver
base.apk,provider,androidx.core.content.FileProvider
base.apk,provider,androidx.startup.InitializationProvider
base.apk,provider,com.bugsnag.android.internal.BugsnagContentProvider
base.apk,provider,com.google.android.gms.games.provider.PlayGamesInitProvider
base.apk,provider,com.google.firebase.provider.FirebaseInitProvider
