flow_id,proto,app_proto,client_ip,client_port,server_ip,server_port,hostname,sni,dns_names,packets_up,packets_down,bytes_up,bytes_down,payload_up,payload_down,first_rel_s,last_rel_s,duration_s,first_epoch
u0,UDP,DNS,[IP REDACTED],6773,[IP REDACTED],53,,,,1,1,64,252,36,224,0.0,0.082,0.082,1790734788.679884
u1,UDP,DNS,[IP REDACTED],20958,[IP REDACTED],53,,,,1,1,66,82,38,54,5.154,5.178,0.024,1790734793.834348
t0,TCP,TCP;TLSv1.2;TLSv1.3,[IP REDACTED],45174,[IP REDACTED],443,sessions.bugsnag.com,sessions.bugsnag.com,sessions.bugsnag.com,9,9,2260,4768,1880,4400,5.182,65.814,60.632,1790734793.861744
u2,UDP,DNS,[IP REDACTED],33898,[IP REDACTED],53,,,,1,1,96,112,68,84,6.328,6.361,0.033,1790734795.00807
t1,TCP,TCP;TLSv1.2;TLSv1.3,[IP REDACTED],58032,[IP REDACTED],443,a6913b7b80402974409b47079c29d775.baas.nintendo.com,a6913b7b80402974409b47079c29d775.baas.nintendo.com,a6913b7b80402974409b47079c29d775.baas.nintendo.com,19,19,10122,13064,9342,12296,6.365,75.858,69.493,1790734795.045361
u3,UDP,DNS,[IP REDACTED],33121,[IP REDACTED],53,,,,1,1,71,298,43,270,6.632,6.664,0.032,1790734795.311533
t2,TCP,TCP;TLSv1.2;TLSv1.3,[IP REDACTED],50778,[IP REDACTED],443,api.accounts.nintendo.com,api.accounts.nintendo.com,api.accounts.nintendo.com,10,10,1736,8874,1316,8466,6.674,70.836,64.161,1790734795.354201
u4,UDP,DNS,[IP REDACTED],1495,[IP REDACTED],53,,,,1,1,67,174,39,146,7.291,7.326,0.035,1790734795.970763
t3,TCP,TCP;TLSv1.2;TLSv1.3,[IP REDACTED],50690,[IP REDACTED],443,api.mariokarttour.com,api.mariokarttour.com,api.mariokarttour.com,12,13,2942,5358,2442,4830,7.347,7.608,0.261,1790734796.026442
t4,TCP,TCP;TLSv1.2;TLSv1.3,[IP REDACTED],50696,[IP REDACTED],443,api.mariokarttour.com,api.mariokarttour.com,api.mariokarttour.com,11,12,2443,5149,1983,4661,7.782,8.464,0.683,1790734796.461774
t5,TCP,TCP;TLSv1.2;TLSv1.3,[IP REDACTED],50706,[IP REDACTED],443,api.mariokarttour.com,api.mariokarttour.com,api.mariokarttour.com,12,13,2487,5249,1987,4721,7.791,8.012,0.221,1790734796.470715
t6,TCP,TCP;TLSv1.2;TLSv1.3,[IP REDACTED],50710,[IP REDACTED],443,api.mariokarttour.com,api.mariokarttour.com,api.mariokarttour.com,11,12,2441,6644,1981,6156,7.795,8.066,0.271,1790734796.475351
t7,TCP,TCP;TLSv1.2;TLSv1.3,[IP REDACTED],50720,[IP REDACTED],443,api.mariokarttour.com,api.mariokarttour.com,api.mariokarttour.com,11,14,2816,16672,2356,16104,7.799,8.033,0.234,1790734796.478838
t8,TCP,TCP;TLSv1.2;TLSv1.3,[IP REDACTED],50728,[IP REDACTED],443,api.mariokarttour.com,api.mariokarttour.com,api.mariokarttour.com,12,13,2502,5136,2002,4608,7.841,8.1,0.26,1790734796.520489
t9,TCP,TCP;TLSv1.2;TLSv1.3,[IP REDACTED],50738,[IP REDACTED],443,api.mariokarttour.com,api.mariokarttour.com,api.mariokarttour.com,12,13,2515,5151,2015,4623,8.122,8.488,0.366,1790734796.801588
u5,UDP,DNS,[IP REDACTED],34955,[IP REDACTED],53,,,,1,1,86,147,58,119,8.158,8.18,0.022,1790734796.837602
u6,UDP,DNS,[IP REDACTED],56340,[IP REDACTED],53,,,,1,1,86,176,58,148,8.16,8.188,0.028,1790734796.840056
t10,TCP,TCP;TLSv1.2,[IP REDACTED],43992,[IP REDACTED],443,download-cdn-mariokarttour.akamaized.net,download-cdn-mariokarttour.akamaized.net,download-cdn-mariokarttour.akamaized.net,13,11,1374,3844,834,3396,8.198,61.247,53.049,1790734796.878211
t11,TCP,TCP;TLSv1.2;TLSv1.3,[IP REDACTED],50746,[IP REDACTED],443,api.mariokarttour.com,api.mariokarttour.com,api.mariokarttour.com,12,13,2491,5128,1991,4600,8.283,8.526,0.243,1790734796.963295
t12,TCP,TCP;TLSv1.2;TLSv1.3,[IP REDACTED],50756,[IP REDACTED],443,api.mariokarttour.com,api.mariokarttour.com,api.mariokarttour.com,11,12,2525,5156,2065,4668,8.873,9.126,0.253,1790734797.553143
t13,TCP,TCP;TLSv1.2;TLSv1.3,[IP REDACTED],50764,[IP REDACTED],443,api.mariokarttour.com,api.mariokarttour.com,api.mariokarttour.com,11,12,2578,5500,2118,5012,8.876,9.148,0.272,1790734797.556061
t14,TCP,TCP;TLSv1.2;TLSv1.3,[IP REDACTED],50772,[IP REDACTED],443,api.mariokarttour.com,api.mariokarttour.com,api.mariokarttour.com,11,12,2575,5210,2115,4722,8.878,9.118,0.24,1790734797.558013
t15,TCP,TCP;TLSv1.2;TLSv1.3,[IP REDACTED],50778,[IP REDACTED],443,api.mariokarttour.com,api.mariokarttour.com,api.mariokarttour.com,11,12,2460,5214,2000,4726,8.901,9.108,0.207,1790734797.581048
t16,TCP,TCP;TLSv1.2;TLSv1.3,[IP REDACTED],50780,[IP REDACTED],443,api.mariokarttour.com,api.mariokarttour.com,api.mariokarttour.com,13,14,2578,5169,2038,4601,8.948,9.16,0.212,1790734797.628241
t17,TCP,TCP;TLSv1.2;TLSv1.3,[IP REDACTED],50784,[IP REDACTED],443,api.mariokarttour.com,api.mariokarttour.com,api.mariokarttour.com,12,13,2559,10936,2059,10408,8.963,9.205,0.243,1790734797.642524
t18,TCP,TCP;TLSv1.2;TLSv1.3,[IP REDACTED],50794,[IP REDACTED],443,api.mariokarttour.com,api.mariokarttour.com,api.mariokarttour.com,12,13,2536,5149,2036,4621,8.976,9.209,0.233,1790734797.655946
t19,TCP,TCP;TLSv1.2;TLSv1.3,[IP REDACTED],50796,[IP REDACTED],443,api.mariokarttour.com,api.mariokarttour.com,api.mariokarttour.com,10,13,2439,5148,2019,4620,8.979,9.19,0.21,1790734797.659114
t20,TCP,TCP;TLSv1.2;TLSv1.3,[IP REDACTED],50812,[IP REDACTED],443,api.mariokarttour.com,api.mariokarttour.com,api.mariokarttour.com,12,13,2489,5126,1989,4598,9.13,9.508,0.379,1790734797.80943
t21,TCP,TCP;TLSv1.2;TLSv1.3,[IP REDACTED],50816,[IP REDACTED],443,api.mariokarttour.com,api.mariokarttour.com,api.mariokarttour.com,12,13,2539,5128,2039,4600,9.387,9.615,0.229,1790734798.066805
u7,UDP,DNS,[IP REDACTED],26556,[IP REDACTED],53,,,,1,1,67,259,39,231,9.584,9.621,0.037,1790734798.264006
t22,TCP,TCP;TLSv1.2;TLSv1.3,[IP REDACTED],50174,[IP REDACTED],443,pubsub.googleapis.com,pubsub.googleapis.com,pubsub.googleapis.com,30,30,30536,10291,29316,9083,9.632,126.139,116.507,1790734798.311904
t23,TCP,TCP;TLSv1.2;TLSv1.3,[IP REDACTED],50820,[IP REDACTED],443,api.mariokarttour.com,api.mariokarttour.com,api.mariokarttour.com,12,13,2497,5126,1997,4598,9.647,10.101,0.454,1790734798.326926
t24,TCP,TCP;TLSv1.2;TLSv1.3,[IP REDACTED],41456,[IP REDACTED],443,api.mariokarttour.com,api.mariokarttour.com,api.mariokarttour.com,12,13,4010,5290,3510,4762,13.335,13.689,0.355,1790734802.01453
t25,TCP,TCP;TLSv1.2;TLSv1.3,[IP REDACTED],41458,[IP REDACTED],443,api.mariokarttour.com,api.mariokarttour.com,api.mariokarttour.com,12,13,2536,5132,2036,4604,13.353,13.69,0.337,1790734802.033299
t26,TCP,TCP;TLSv1.2;TLSv1.3,[IP REDACTED],41472,[IP REDACTED],443,api.mariokarttour.com,api.mariokarttour.com,api.mariokarttour.com,17,18,2777,46520,2077,45792,14.102,14.533,0.431,1790734802.781389
t27,TCP,TCP;TLSv1.2;TLSv1.3,[IP REDACTED],51242,[IP REDACTED],443,a6913b7b80402974409b47079c29d775.baas.nintendo.com,a6913b7b80402974409b47079c29d775.baas.nintendo.com,a6913b7b80402974409b47079c29d775.baas.nintendo.com,7,7,2086,1361,1786,1073,14.131,75.859,61.728,1790734802.811329
u8,UDP,DNS,[IP REDACTED],32314,[IP REDACTED],53,,,,1,1,67,174,39,146,24.334,24.454,0.12,1790734813.014291
t28,TCP,TCP;TLSv1.2;TLSv1.3,[IP REDACTED],40922,[IP REDACTED],443,api.mariokarttour.com,api.mariokarttour.com,api.mariokarttour.com,12,13,3854,5161,3354,4633,24.469,24.747,0.278,1790734813.148746
t29,TCP,TCP;TLSv1.2;TLSv1.3,[IP REDACTED],47342,[IP REDACTED],443,api.mariokarttour.com,api.mariokarttour.com,api.mariokarttour.com,12,13,3856,5162,3356,4634,36.776,37.039,0.263,1790734825.455722
t30,TCP,TCP;TLSv1.2;TLSv1.3,[IP REDACTED],42582,[IP REDACTED],443,api.mariokarttour.com,api.mariokarttour.com,api.mariokarttour.com,12,13,2868,5194,2368,4666,46.481,46.862,0.38,1790734835.161023
u9,UDP,DNS,[IP REDACTED],15523,[IP REDACTED],53,,,,1,1,67,174,39,146,57.433,57.523,0.09,1790734846.112544
t31,TCP,TCP;TLSv1.2;TLSv1.3,[IP REDACTED],33526,[IP REDACTED],443,api.mariokarttour.com,api.mariokarttour.com,api.mariokarttour.com,10,13,2717,5160,2297,4632,57.534,57.747,0.213,1790734846.213659
t32,TCP,TCP;TLSv1.2;TLSv1.3,[IP REDACTED],33540,[IP REDACTED],443,api.mariokarttour.com,api.mariokarttour.com,api.mariokarttour.com,12,13,2622,6755,2122,6227,59.993,60.285,0.293,1790734848.672392
u10,UDP,DNS,[IP REDACTED],48449,[IP REDACTED],53,,,,1,1,92,182,64,154,60.6,60.644,0.045,1790734849.279408
u11,UDP,DNS,[IP REDACTED],28348,[IP REDACTED],53,,,,1,1,92,153,64,125,60.603,60.638,0.035,1790734849.282983
t33,TCP,TCP;TLSv1.2,[IP REDACTED],60622,[IP REDACTED],443,public-content-cdn-mariokarttour.akamaized.net,public-content-cdn-mariokarttour.akamaized.net,public-content-cdn-mariokarttour.akamaized.net,11,9,1371,6050,911,5682,60.655,126.14,65.484,1790734849.335178
t34,TCP,TCP;TLSv1.2,[IP REDACTED],60630,[IP REDACTED],443,public-content-cdn-mariokarttour.akamaized.net,public-content-cdn-mariokarttour.akamaized.net,public-content-cdn-mariokarttour.akamaized.net,10,9,1331,8543,911,8175,60.661,126.14,65.479,1790734849.340477
t35,TCP,TCP;TLSv1.2,[IP REDACTED],60644,[IP REDACTED],443,public-content-cdn-mariokarttour.akamaized.net,public-content-cdn-mariokarttour.akamaized.net,public-content-cdn-mariokarttour.akamaized.net,11,10,1371,22731,911,22323,60.666,126.14,65.474,1790734849.345715
t36,TCP,TCP;TLSv1.2,[IP REDACTED],60660,[IP REDACTED],443,public-content-cdn-mariokarttour.akamaized.net,public-content-cdn-mariokarttour.akamaized.net,public-content-cdn-mariokarttour.akamaized.net,9,8,1291,8249,911,7921,60.67,121.118,60.448,1790734849.349797
t37,TCP,TCP;TLSv1.2,[IP REDACTED],60672,[IP REDACTED],443,public-content-cdn-mariokarttour.akamaized.net,public-content-cdn-mariokarttour.akamaized.net,public-content-cdn-mariokarttour.akamaized.net,10,11,1331,7627,911,7179,60.675,121.119,60.444,1790734849.354492
t38,TCP,TCP;TLSv1.2,[IP REDACTED],60674,[IP REDACTED],443,public-content-cdn-mariokarttour.akamaized.net,public-content-cdn-mariokarttour.akamaized.net,public-content-cdn-mariokarttour.akamaized.net,10,9,1331,7870,911,7502,60.679,121.119,60.44,1790734849.358504
t39,TCP,TCP;TLSv1.2,[IP REDACTED],60684,[IP REDACTED],443,public-content-cdn-mariokarttour.akamaized.net,public-content-cdn-mariokarttour.akamaized.net,public-content-cdn-mariokarttour.akamaized.net,9,8,1291,7717,911,7389,60.683,121.119,60.436,1790734849.3631
t40,TCP,TCP;TLSv1.2;TLSv1.3,[IP REDACTED],38224,[IP REDACTED],443,api.mariokarttour.com,api.mariokarttour.com,api.mariokarttour.com,12,13,3874,5161,3374,4633,62.273,62.554,0.281,1790734850.952721
u12,UDP,DNS,[IP REDACTED],35826,[IP REDACTED],53,,,,1,1,96,112,68,84,187.312,187.349,0.037,1790734975.991432
t41,TCP,TCP;TLSv1.2;TLSv1.3,[IP REDACTED],45312,[IP REDACTED],443,a6913b7b80402974409b47079c29d775.baas.nintendo.com,a6913b7b80402974409b47079c29d775.baas.nintendo.com,a6913b7b80402974409b47079c29d775.baas.nintendo.com,7,7,2601,1358,2301,1070,187.354,247.244,59.89,1790734976.033582
u13,UDP,DNS,[IP REDACTED],53436,[IP REDACTED],53,,,,1,1,67,174,39,146,195.706,195.743,0.037,1790734984.385701
t42,TCP,TCP;TLSv1.2;TLSv1.3,[IP REDACTED],53518,[IP REDACTED],443,api.mariokarttour.com,api.mariokarttour.com,api.mariokarttour.com,10,13,2453,5131,2033,4603,195.752,195.957,0.205,1790734984.431981
t43,TCP,TCP;TLSv1.2;TLSv1.3,[IP REDACTED],58588,[IP REDACTED],443,pubsub.googleapis.com,pubsub.googleapis.com,pubsub.googleapis.com,32,33,33103,7525,31803,6197,195.769,322.881,127.111,1790734984.448979
t44,TCP,TCP;TLSv1.2;TLSv1.3,[IP REDACTED],53524,[IP REDACTED],443,api.mariokarttour.com,api.mariokarttour.com,api.mariokarttour.com,12,13,12734,5289,12234,4761,200.509,200.872,0.364,1790734989.188457
t45,TCP,TCP;TLSv1.2;TLSv1.3,[IP REDACTED],50930,[IP REDACTED],443,api.mariokarttour.com,api.mariokarttour.com,api.mariokarttour.com,12,13,2529,5127,2029,4599,201.031,201.286,0.255,1790734989.710875
t46,TCP,TCP;TLSv1.2;TLSv1.3,[IP REDACTED],50934,[IP REDACTED],443,api.mariokarttour.com,api.mariokarttour.com,api.mariokarttour.com,15,13,16526,5408,15906,4880,201.422,201.799,0.377,1790734990.102002
u14,UDP,DNS,[IP REDACTED],10806,[IP REDACTED],53,,,,1,1,67,174,39,146,254.748,254.798,0.05,1790735043.427778
t47,TCP,TCP;TLSv1.2;TLSv1.3,[IP REDACTED],41498,[IP REDACTED],443,api.mariokarttour.com,api.mariokarttour.com,api.mariokarttour.com,14,14,10516,5200,9936,4632,254.807,255.145,0.338,1790735043.487165
t48,TCP,TCP;TLSv1.2;TLSv1.3,[IP REDACTED],41512,[IP REDACTED],443,api.mariokarttour.com,api.mariokarttour.com,api.mariokarttour.com,12,13,2534,5136,2034,4608,255.506,255.705,0.199,1790735044.185645
t49,TCP,TCP;TLSv1.2;TLSv1.3,[IP REDACTED],41516,[IP REDACTED],443,api.mariokarttour.com,api.mariokarttour.com,api.mariokarttour.com,12,13,2615,6759,2115,6231,260.382,260.679,0.297,1790735049.061896
u15,UDP,DNS,[IP REDACTED],56530,[IP REDACTED],53,,,,1,1,92,153,64,125,260.846,260.872,0.027,1790735049.525716
u16,UDP,DNS,[IP REDACTED],52706,[IP REDACTED],53,,,,1,1,92,153,64,125,260.85,260.875,0.026,1790735049.529698
t50,TCP,TCP;TLSv1.2,[IP REDACTED],39412,[IP REDACTED],443,public-content-cdn-mariokarttour.akamaized.net,public-content-cdn-mariokarttour.akamaized.net,public-content-cdn-mariokarttour.akamaized.net,9,8,1293,6424,913,6096,260.885,322.881,61.996,1790735049.564595
t51,TCP,TCP;TLSv1.2,[IP REDACTED],39424,[IP REDACTED],443,public-content-cdn-mariokarttour.akamaized.net,public-content-cdn-mariokarttour.akamaized.net,public-content-cdn-mariokarttour.akamaized.net,11,12,1373,6335,913,5847,260.892,261.144,0.252,1790735049.571682
t52,TCP,TCP;TLSv1.2,[IP REDACTED],39426,[IP REDACTED],443,public-content-cdn-mariokarttour.akamaized.net,public-content-cdn-mariokarttour.akamaized.net,public-content-cdn-mariokarttour.akamaized.net,11,11,1373,24474,913,24026,260.898,322.881,61.983,1790735049.578161
t53,TCP,TCP;TLSv1.2,[IP REDACTED],39428,[IP REDACTED],443,public-content-cdn-mariokarttour.akamaized.net,public-content-cdn-mariokarttour.akamaized.net,public-content-cdn-mariokarttour.akamaized.net,10,8,1333,6401,913,6073,260.901,322.881,61.98,1790735049.58132
t54,TCP,TCP;TLSv1.2,[IP REDACTED],39432,[IP REDACTED],443,public-content-cdn-mariokarttour.akamaized.net,public-content-cdn-mariokarttour.akamaized.net,public-content-cdn-mariokarttour.akamaized.net,11,10,1373,6208,913,5800,260.908,322.881,61.973,1790735049.587575
t55,TCP,TCP;TLSv1.2,[IP REDACTED],39440,[IP REDACTED],443,public-content-cdn-mariokarttour.akamaized.net,public-content-cdn-mariokarttour.akamaized.net,public-content-cdn-mariokarttour.akamaized.net,10,8,1333,5749,913,5421,260.912,322.881,61.969,1790735049.592
t56,TCP,TCP;TLSv1.2,[IP REDACTED],39454,[IP REDACTED],443,public-content-cdn-mariokarttour.akamaized.net,public-content-cdn-mariokarttour.akamaized.net,public-content-cdn-mariokarttour.akamaized.net,10,9,1333,6537,913,6169,260.915,322.881,61.966,1790735049.594994
t57,TCP,TCP;TLSv1.2;TLSv1.3,[IP REDACTED],51780,[IP REDACTED],443,api.mariokarttour.com,api.mariokarttour.com,api.mariokarttour.com,10,13,4609,5225,4189,4697,261.699,261.928,0.229,1790735050.378817
u17,UDP,DNS,[IP REDACTED],39005,[IP REDACTED],53,,,,1,1,67,174,39,146,363.376,363.404,0.028,1790735152.055825
t58,TCP,TCP;TLSv1.2;TLSv1.3,[IP REDACTED],49562,[IP REDACTED],443,api.mariokarttour.com,api.mariokarttour.com,api.mariokarttour.com,12,13,2529,5136,2029,4608,363.409,363.59,0.181,1790735152.088583
u18,UDP,DNS,[IP REDACTED],13915,[IP REDACTED],53,,,,1,1,67,259,39,231,363.426,363.452,0.026,1790735152.1061
t59,TCP,TCP;TLSv1.2;TLSv1.3,[IP REDACTED],59974,[IP REDACTED],443,pubsub.googleapis.com,pubsub.googleapis.com,pubsub.googleapis.com,46,46,54681,9901,52821,8053,363.474,478.923,115.449,1790735152.15365
u19,UDP,DNS,[IP REDACTED],5947,[IP REDACTED],53,,,,1,1,96,112,68,84,367.281,367.312,0.032,1790735155.960604
t60,TCP,TCP;TLSv1.2;TLSv1.3,[IP REDACTED],35142,[IP REDACTED],443,a6913b7b80402974409b47079c29d775.baas.nintendo.com,a6913b7b80402974409b47079c29d775.baas.nintendo.com,a6913b7b80402974409b47079c29d775.baas.nintendo.com,7,7,2602,5612,2302,5324,367.317,428.708,61.391,1790735155.997344
t61,TCP,TCP;TLSv1.2;TLSv1.3,[IP REDACTED],49564,[IP REDACTED],443,api.mariokarttour.com,api.mariokarttour.com,api.mariokarttour.com,15,12,12869,5217,12249,4729,368.192,368.508,0.317,1790735156.871464
t62,TCP,TCP;TLSv1.2;TLSv1.3,[IP REDACTED],49568,[IP REDACTED],443,api.mariokarttour.com,api.mariokarttour.com,api.mariokarttour.com,12,13,2527,5125,2027,4597,368.659,368.914,0.255,1790735157.338828
t63,TCP,TCP;TLSv1.2;TLSv1.3,[IP REDACTED],49572,[IP REDACTED],443,api.mariokarttour.com,api.mariokarttour.com,api.mariokarttour.com,12,13,4807,5412,4307,4884,369.055,369.329,0.274,1790735157.734569
t64,TCP,TCP;TLSv1.2;TLSv1.3,[IP REDACTED],57914,[IP REDACTED],443,api.mariokarttour.com,api.mariokarttour.com,api.mariokarttour.com,14,13,10519,5162,9939,4634,387.746,388.068,0.322,1790735176.425852
t65,TCP,TCP;TLSv1.2;TLSv1.3,[IP REDACTED],57918,[IP REDACTED],443,api.mariokarttour.com,api.mariokarttour.com,api.mariokarttour.com,10,13,2506,5459,2086,4931,388.324,388.611,0.287,1790735177.003758
u20,UDP,DNS,[IP REDACTED],1504,[IP REDACTED],53,,,,1,1,67,174,39,146,388.399,388.441,0.042,1790735177.078748
t66,TCP,TCP;TLSv1.2;TLSv1.3,[IP REDACTED],57928,[IP REDACTED],443,api.mariokarttour.com,api.mariokarttour.com,api.mariokarttour.com,14,15,14024,5556,13444,4948,388.887,389.191,0.305,1790735177.566717
t67,TCP,TCP;TLSv1.2;TLSv1.3,[IP REDACTED],57936,[IP REDACTED],443,api.mariokarttour.com,api.mariokarttour.com,api.mariokarttour.com,11,12,2528,5153,2068,4665,389.295,390.338,1.043,1790735177.974868
t68,TCP,TCP;TLSv1.2;TLSv1.3,[IP REDACTED],57942,[IP REDACTED],443,api.mariokarttour.com,api.mariokarttour.com,api.mariokarttour.com,12,13,3972,5164,3472,4636,390.503,390.721,0.219,1790735179.182452
t69,TCP,TCP;TLSv1.2;TLSv1.3,[IP REDACTED],60642,[IP REDACTED],443,api.mariokarttour.com,api.mariokarttour.com,api.mariokarttour.com,14,13,10534,5163,9954,4635,404.515,404.862,0.347,1790735193.19487
t70,TCP,TCP;TLSv1.2;TLSv1.3,[IP REDACTED],35582,[IP REDACTED],443,api.mariokarttour.com,api.mariokarttour.com,api.mariokarttour.com,12,13,2824,5161,2324,4633,414.809,415.096,0.286,1790735203.489325
t71,TCP,TCP;TLSv1.2;TLSv1.3,[IP REDACTED],35598,[IP REDACTED],443,api.mariokarttour.com,api.mariokarttour.com,api.mariokarttour.com,12,13,2615,6741,2115,6213,416.753,417.045,0.292,1790735205.433281
u21,UDP,DNS,[IP REDACTED],15663,[IP REDACTED],53,,,,1,1,92,153,64,125,417.201,417.254,0.053,1790735205.880759
u22,UDP,DNS,[IP REDACTED],6955,[IP REDACTED],53,,,,1,1,92,153,64,125,417.203,417.225,0.022,1790735205.883216
t72,TCP,TCP;TLSv1.2,[IP REDACTED],55090,[IP REDACTED],443,public-content-cdn-mariokarttour.akamaized.net,public-content-cdn-mariokarttour.akamaized.net,public-content-cdn-mariokarttour.akamaized.net,11,11,1371,6892,911,6444,417.234,417.407,0.173,1790735205.913792
t73,TCP,TCP;TLSv1.2,[IP REDACTED],55096,[IP REDACTED],443,public-content-cdn-mariokarttour.akamaized.net,public-content-cdn-mariokarttour.akamaized.net,public-content-cdn-mariokarttour.akamaized.net,9,10,1291,6413,911,6005,417.238,478.924,61.686,1790735205.91761
t74,TCP,TCP;TLSv1.2,[IP REDACTED],55102,[IP REDACTED],443,public-content-cdn-mariokarttour.akamaized.net,public-content-cdn-mariokarttour.akamaized.net,public-content-cdn-mariokarttour.akamaized.net,11,9,1371,7069,911,6701,417.244,478.924,61.68,1790735205.923837
t75,TCP,TCP;TLSv1.2,[IP REDACTED],55116,[IP REDACTED],443,public-content-cdn-mariokarttour.akamaized.net,public-content-cdn-mariokarttour.akamaized.net,public-content-cdn-mariokarttour.akamaized.net,11,9,1371,7221,911,6853,417.246,478.924,61.678,1790735205.926265
t76,TCP,TCP;TLSv1.2,[IP REDACTED],55126,[IP REDACTED],443,public-content-cdn-mariokarttour.akamaized.net,public-content-cdn-mariokarttour.akamaized.net,public-content-cdn-mariokarttour.akamaized.net,11,10,1371,7168,911,6760,417.249,478.924,61.675,1790735205.928841
t77,TCP,TCP;TLSv1.2,[IP REDACTED],55140,[IP REDACTED],443,public-content-cdn-mariokarttour.akamaized.net,public-content-cdn-mariokarttour.akamaized.net,public-content-cdn-mariokarttour.akamaized.net,11,9,1371,6262,911,5894,417.251,478.925,61.673,1790735205.93103
t78,TCP,TCP;TLSv1.2,[IP REDACTED],55144,[IP REDACTED],443,public-content-cdn-mariokarttour.akamaized.net,public-content-cdn-mariokarttour.akamaized.net,public-content-cdn-mariokarttour.akamaized.net,11,9,1371,7018,911,6650,417.253,478.925,61.672,1790735205.932993
t79,TCP,TCP;TLSv1.2;TLSv1.3,[IP REDACTED],35614,[IP REDACTED],443,api.mariokarttour.com,api.mariokarttour.com,api.mariokarttour.com,13,12,4808,5185,4268,4697,417.924,418.174,0.25,1790735206.603579
u23,UDP,DNS,[IP REDACTED],36028,[IP REDACTED],53,,,,1,1,96,112,68,84,547.295,547.331,0.036,1790735335.975331
t80,TCP,TCP;TLSv1.2;TLSv1.3,[IP REDACTED],35866,[IP REDACTED],443,a6913b7b80402974409b47079c29d775.baas.nintendo.com,a6913b7b80402974409b47079c29d775.baas.nintendo.com,a6913b7b80402974409b47079c29d775.baas.nintendo.com,7,7,2603,1358,2303,1070,547.347,609.869,62.522,1790735336.026523
u24,UDP,DNS,[IP REDACTED],57933,[IP REDACTED],53,,,,1,1,76,204,48,176,547.385,547.407,0.022,1790735336.064766
t81,TCP,TCP;TLSv1.2;TLSv1.3,[IP REDACTED],53160,[IP REDACTED],443,firebaselogging.googleapis.com,firebaselogging.googleapis.com,firebaselogging.googleapis.com,8,8,1990,6105,1650,5777,547.412,609.87,62.459,1790735336.091484
u25,UDP,DNS,[IP REDACTED],38651,[IP REDACTED],53,,,,1,1,67,174,39,146,570.21,570.262,0.052,1790735358.889786
t82,TCP,TCP;TLSv1.2;TLSv1.3,[IP REDACTED],58836,[IP REDACTED],443,api.mariokarttour.com,api.mariokarttour.com,api.mariokarttour.com,12,13,2538,5136,2038,4608,570.274,570.498,0.225,1790735358.953621
t83,TCP,TCP;TLSv1.2;TLSv1.3,[IP REDACTED],54374,[IP REDACTED],443,pubsub.googleapis.com,pubsub.googleapis.com,pubsub.googleapis.com,29,29,29892,5888,28712,4720,570.295,655.039,84.744,1790735358.974678
u26,UDP,DNS,[IP REDACTED],27154,[IP REDACTED],53,,,,1,1,67,174,39,146,574.996,575.048,0.052,1790735363.676374
t84,TCP,TCP;TLSv1.2;TLSv1.3,[IP REDACTED],59926,[IP REDACTED],443,api.mariokarttour.com,api.mariokarttour.com,api.mariokarttour.com,14,13,12922,5257,12342,4729,575.056,575.355,0.299,1790735363.735816
t85,TCP,TCP;TLSv1.2;TLSv1.3,[IP REDACTED],59928,[IP REDACTED],443,api.mariokarttour.com,api.mariokarttour.com,api.mariokarttour.com,10,13,2453,5121,2033,4593,575.514,575.764,0.25,1790735364.19393
t86,TCP,TCP;TLSv1.2;TLSv1.3,[IP REDACTED],59942,[IP REDACTED],443,api.mariokarttour.com,api.mariokarttour.com,api.mariokarttour.com,12,13,5450,5410,4950,4882,575.907,576.28,0.373,1790735364.586582
t87,TCP,TCP;TLSv1.2;TLSv1.3,[IP REDACTED],53900,[IP REDACTED],443,api.mariokarttour.com,api.mariokarttour.com,api.mariokarttour.com,14,13,10538,5158,9958,4630,589.749,589.997,0.248,1790735378.428869
t88,TCP,TCP;TLSv1.2;TLSv1.3,[IP REDACTED],42048,[IP REDACTED],443,api.mariokarttour.com,api.mariokarttour.com,api.mariokarttour.com,12,13,3996,5162,3496,4634,592.71,593.068,0.358,1790735381.389457
u27,UDP,DNS,[IP REDACTED],28508,[IP REDACTED],53,,,,1,1,67,174,39,146,665.05,665.088,0.038,1790735453.730031
t89,TCP,TCP;TLSv1.2;TLSv1.3,[IP REDACTED],55214,[IP REDACTED],443,api.mariokarttour.com,api.mariokarttour.com,api.mariokarttour.com,11,12,2492,5096,2032,4608,665.101,665.313,0.212,1790735453.780511
t90,TCP,TCP;TLSv1.2;TLSv1.3,[IP REDACTED],55220,[IP REDACTED],443,api.mariokarttour.com,api.mariokarttour.com,api.mariokarttour.com,12,13,2543,5286,2043,4758,665.143,665.37,0.227,1790735453.823361
t91,TCP,TCP;TLSv1.2;TLSv1.3,[IP REDACTED],55224,[IP REDACTED],443,api.mariokarttour.com,api.mariokarttour.com,api.mariokarttour.com,16,12,14185,5411,13525,4923,665.667,666.082,0.415,1790735454.346934
u28,UDP,DNS,[IP REDACTED],61897,[IP REDACTED],53,,,,1,1,67,259,39,231,666.125,666.146,0.022,1790735454.804391
t92,TCP,TCP;TLSv1.2;TLSv1.3,[IP REDACTED],46568,[IP REDACTED],443,pubsub.googleapis.com,pubsub.googleapis.com,pubsub.googleapis.com,76,76,87890,17832,84830,14784,666.16,907.678,241.518,1790735454.839587
t93,TCP,TCP;TLSv1.2;TLSv1.3,[IP REDACTED],55226,[IP REDACTED],443,api.mariokarttour.com,api.mariokarttour.com,api.mariokarttour.com,14,13,12360,5225,11780,4697,669.277,669.563,0.287,1790735457.956708
t94,TCP,TCP;TLSv1.2;TLSv1.3,[IP REDACTED],55238,[IP REDACTED],443,api.mariokarttour.com,api.mariokarttour.com,api.mariokarttour.com,12,13,2509,5135,2009,4607,669.79,670.079,0.289,1790735458.469392
t95,TCP,TCP;TLSv1.2;TLSv1.3,[IP REDACTED],55246,[IP REDACTED],443,api.mariokarttour.com,api.mariokarttour.com,api.mariokarttour.com,12,13,2535,5126,2035,4598,670.322,670.588,0.267,1790735459.001751
t96,TCP,TCP;TLSv1.2;TLSv1.3,[IP REDACTED],55254,[IP REDACTED],443,api.mariokarttour.com,api.mariokarttour.com,api.mariokarttour.com,12,13,2541,5129,2041,4601,670.814,671.098,0.284,1790735459.494207
t97,TCP,TCP;TLSv1.2;TLSv1.3,[IP REDACTED],51730,[IP REDACTED],443,api.mariokarttour.com,api.mariokarttour.com,api.mariokarttour.com,12,13,2527,5208,2027,4680,674.369,674.683,0.314,1790735463.049116
t98,TCP,TCP;TLSv1.2;TLSv1.3,[IP REDACTED],51746,[IP REDACTED],443,api.mariokarttour.com,api.mariokarttour.com,api.mariokarttour.com,12,13,2531,5228,2031,4700,674.829,675.1,0.271,1790735463.509161
t99,TCP,TCP;TLSv1.2;TLSv1.3,[IP REDACTED],51758,[IP REDACTED],443,api.mariokarttour.com,api.mariokarttour.com,api.mariokarttour.com,12,13,4022,5162,3522,4634,675.31,675.606,0.295,1790735463.990353
t100,TCP,TCP;TLSv1.2;TLSv1.3,[IP REDACTED],51764,[IP REDACTED],443,api.mariokarttour.com,api.mariokarttour.com,api.mariokarttour.com,12,13,2547,5178,2047,4650,675.746,676.739,0.993,1790735464.426373
u29,UDP,DNS,[IP REDACTED],18633,[IP REDACTED],53,,,,1,1,67,174,39,146,685.631,685.704,0.073,1790735474.311326
t101,TCP,TCP;TLSv1.2;TLSv1.3,[IP REDACTED],35702,[IP REDACTED],443,api.mariokarttour.com,api.mariokarttour.com,api.mariokarttour.com,12,13,4028,5163,3528,4635,685.718,686.049,0.331,1790735474.39773
t102,TCP,TCP;TLSv1.2;TLSv1.3,[IP REDACTED],35706,[IP REDACTED],443,api.mariokarttour.com,api.mariokarttour.com,api.mariokarttour.com,12,13,2495,5566,1995,5038,688.254,688.618,0.364,1790735476.933966
t103,TCP,TCP;TLSv1.2;TLSv1.3,[IP REDACTED],35718,[IP REDACTED],443,api.mariokarttour.com,api.mariokarttour.com,api.mariokarttour.com,12,13,4027,5161,3527,4633,688.812,689.121,0.31,1790735477.491457
t104,TCP,TCP;TLSv1.2;TLSv1.3,[IP REDACTED],35734,[IP REDACTED],443,api.mariokarttour.com,api.mariokarttour.com,api.mariokarttour.com,12,13,2557,5189,2057,4661,689.257,690.363,1.106,1790735477.936463
t105,TCP,TCP;TLSv1.2;TLSv1.3,[IP REDACTED],37976,[IP REDACTED],443,api.mariokarttour.com,api.mariokarttour.com,api.mariokarttour.com,12,13,12010,5196,11510,4668,695.419,695.777,0.359,1790735484.098416
t106,TCP,TCP;TLSv1.2;TLSv1.3,[IP REDACTED],36902,[IP REDACTED],443,api.mariokarttour.com,api.mariokarttour.com,api.mariokarttour.com,12,13,4033,5167,3533,4639,707.432,707.758,0.326,1790735496.11204
u30,UDP,DNS,[IP REDACTED],8791,[IP REDACTED],53,,,,1,1,67,174,39,146,718.411,718.514,0.103,1790735507.090746
t107,TCP,TCP;TLSv1.2;TLSv1.3,[IP REDACTED],45148,[IP REDACTED],443,api.mariokarttour.com,api.mariokarttour.com,api.mariokarttour.com,12,13,4032,5159,3532,4631,718.527,718.922,0.394,1790735507.207252
t108,TCP,TCP;TLSv1.2;TLSv1.3,[IP REDACTED],57548,[IP REDACTED],443,api.mariokarttour.com,api.mariokarttour.com,api.mariokarttour.com,12,13,2547,5290,2047,4762,721.71,721.995,0.285,1790735510.389801
t109,TCP,TCP;TLSv1.2;TLSv1.3,[IP REDACTED],57554,[IP REDACTED],443,api.mariokarttour.com,api.mariokarttour.com,api.mariokarttour.com,12,13,4031,5156,3531,4628,722.176,722.515,0.339,1790735510.856011
t110,TCP,TCP;TLSv1.2;TLSv1.3,[IP REDACTED],57556,[IP REDACTED],443,api.mariokarttour.com,api.mariokarttour.com,api.mariokarttour.com,15,17,14222,5612,13602,4924,722.667,723.017,0.35,1790735511.346448
t111,TCP,TCP;TLSv1.2;TLSv1.3,[IP REDACTED],57566,[IP REDACTED],443,api.mariokarttour.com,api.mariokarttour.com,api.mariokarttour.com,12,13,4025,5160,3525,4632,723.218,723.53,0.312,1790735511.89791
t112,TCP,TCP;TLSv1.2;TLSv1.3,[IP REDACTED],57580,[IP REDACTED],443,api.mariokarttour.com,api.mariokarttour.com,api.mariokarttour.com,12,13,2535,5134,2035,4606,724.512,724.861,0.349,1790735513.191626
u31,UDP,DNS,[IP REDACTED],50326,[IP REDACTED],53,,,,1,1,96,112,68,84,727.289,727.337,0.049,1790735515.968563
t113,TCP,TCP;TLSv1.2;TLSv1.3,[IP REDACTED],42750,[IP REDACTED],443,a6913b7b80402974409b47079c29d775.baas.nintendo.com,a6913b7b80402974409b47079c29d775.baas.nintendo.com,a6913b7b80402974409b47079c29d775.baas.nintendo.com,8,8,2642,5652,2302,5324,727.346,791.675,64.329,1790735516.025504
t114,TCP,TCP;TLSv1.2;TLSv1.3,[IP REDACTED],39690,[IP REDACTED],443,api.mariokarttour.com,api.mariokarttour.com,api.mariokarttour.com,14,13,10543,5161,9963,4633,732.21,732.439,0.229,1790735520.890148
t115,TCP,TCP;TLSv1.2;TLSv1.3,[IP REDACTED],39706,[IP REDACTED],443,api.mariokarttour.com,api.mariokarttour.com,api.mariokarttour.com,12,13,2480,5184,1980,4656,732.325,732.951,0.626,1790735521.004439
t116,TCP,TCP;TLSv1.2;TLSv1.3,[IP REDACTED],39712,[IP REDACTED],443,api.mariokarttour.com,api.mariokarttour.com,api.mariokarttour.com,12,13,2536,5135,2036,4607,732.384,732.645,0.261,1790735521.063776
u32,UDP,DNS,[IP REDACTED],54852,[IP REDACTED],53,,,,1,1,75,107,47,79,733.24,733.288,0.048,1790735521.920216
u33,UDP,DNS,[IP REDACTED],12928,[IP REDACTED],53,,,,1,1,75,107,47,79,733.306,733.352,0.046,1790735521.986004
u34,UDP,UDP,[IP REDACTED],58556,[IP REDACTED],33334,nat-check-0.mariokarttour.com,,nat-check-0.mariokarttour.com,3,0,93,0,9,0,733.361,733.367,0.006,1790735522.040609
u35,UDP,UDP,[IP REDACTED],58556,[IP REDACTED],34543,nat-check-0.mariokarttour.com,,nat-check-0.mariokarttour.com,6,3,186,111,18,27,733.368,733.562,0.194,1790735522.04793
u36,UDP,UDP,[IP REDACTED],58556,[IP REDACTED],34543,nat-check-1.mariokarttour.com,,nat-check-1.mariokarttour.com,3,3,93,111,9,27,733.371,733.562,0.191,1790735522.050633
u37,UDP,DNS,[IP REDACTED],16263,[IP REDACTED],53,,,,1,1,78,94,50,66,734.75,734.781,0.031,1790735523.430116
u38,UDP,DNS,[IP REDACTED],36319,[IP REDACTED],53,,,,1,1,67,228,39,200,736.141,736.179,0.038,1790735524.820631
u39,UDP,DNS,[IP REDACTED],61222,[IP REDACTED],53,,,,1,1,67,208,39,180,736.145,736.187,0.042,1790735524.824821
t117,TCP,TCP,[IP REDACTED],42858,[IP REDACTED],11401,pvp.mariokarttour.com,,pvp.mariokarttour.com,122,126,6907,8154,2007,3106,736.212,880.185,143.973,1790735524.891922
t118,TCP,TCP;TLSv1.2;TLSv1.3,[IP REDACTED],37888,[IP REDACTED],443,api.mariokarttour.com,api.mariokarttour.com,api.mariokarttour.com,11,12,4547,5159,4087,4671,746.64,746.957,0.317,1790735535.319635
u40,UDP,DNS,[IP REDACTED],10207,[IP REDACTED],53,,,,1,1,95,111,67,83,752.837,752.865,0.027,1790735541.517355
u41,UDP,DNS,[IP REDACTED],12684,[IP REDACTED],53,,,,1,1,95,176,67,148,752.843,752.874,0.03,1790735541.523377
t119,TCP,TCP,[IP REDACTED],44798,[IP REDACTED],14106,ec2-[IP REDACTED].us-west-2.compute.amazonaws.com,,ec2-[IP REDACTED].us-west-2.compute.amazonaws.com,89,96,5291,5170,1711,1322,752.879,865.782,112.903,1790735541.55897
u42,UDP,UDP,[IP REDACTED],55134,[IP REDACTED],14106,ec2-[IP REDACTED].us-west-2.compute.amazonaws.com,,ec2-[IP REDACTED].us-west-2.compute.amazonaws.com,772,1060,128700,168995,107084,139315,753.651,865.781,112.129,1790735542.331377
u43,UDP,UDP,[IP REDACTED],58556,[IP REDACTED],58849,,,,688,1020,73248,109292,53984,80732,754.108,843.509,89.401,1790735542.78767
u44,UDP,UDP,[IP REDACTED],58556,[IP REDACTED],50909,,,,704,991,74848,149495,55136,121747,754.116,844.384,90.268,1790735542.795781
u45,UDP,UDP,[IP REDACTED],58556,[IP REDACTED],62352,,,,24,2,4456,306,3784,250,754.122,757.602,3.479,1790735542.802248
u46,UDP,UDP,[IP REDACTED],58556,[IP REDACTED],63935,,,,2,1,242,121,186,93,754.169,754.482,0.314,1790735542.848867
u47,UDP,UDP,[IP REDACTED],58556,[IP REDACTED],63944,,,,859,860,90595,132796,66543,108716,754.694,865.565,110.872,1790735543.37339
u48,UDP,UDP,[IP REDACTED],58285,[IP REDACTED],34343,g2122d301.lp1.p.srv.nintendo.net,,g2122d301.lp1.p.srv.nintendo.net,2,0,1216,0,1160,0,756.341,865.859,109.518,1790735545.021005
u49,UDP,DNS,[IP REDACTED],3608,[IP REDACTED],53,,,,1,1,67,174,39,146,756.5,756.52,0.02,1790735545.179949
t120,TCP,TCP;TLSv1.2;TLSv1.3,[IP REDACTED],40426,[IP REDACTED],443,api.mariokarttour.com,api.mariokarttour.com,api.mariokarttour.com,12,13,2480,5186,1980,4658,756.526,756.936,0.41,1790735545.205997
u50,UDP,UDP,[IP REDACTED],58556,[IP REDACTED],61090,,,,802,777,82338,79121,59882,57365,757.061,865.627,108.565,1790735545.741185
u51,UDP,UDP,[IP REDACTED],58556,[IP REDACTED],54811,,,,626,938,62866,94762,45338,68498,760.181,843.584,83.403,1790735548.860799
t121,TCP,TCP;TLSv1.2;TLSv1.3,[IP REDACTED],51348,[IP REDACTED],443,api.mariokarttour.com,api.mariokarttour.com,api.mariokarttour.com,12,13,2856,5159,2356,4631,764.027,764.232,0.205,1790735552.706736
t122,TCP,TCP;TLSv1.2;TLSv1.3,[IP REDACTED],39728,[IP REDACTED],443,api.mariokarttour.com,api.mariokarttour.com,api.mariokarttour.com,12,13,2851,5159,2351,4631,773.431,773.662,0.232,1790735562.110777
u52,UDP,DNS,[IP REDACTED],20118,[IP REDACTED],53,,,,1,1,67,174,39,146,784.489,784.535,0.046,1790735573.168686
t123,TCP,TCP;TLSv1.2;TLSv1.3,[IP REDACTED],54458,[IP REDACTED],443,api.mariokarttour.com,api.mariokarttour.com,api.mariokarttour.com,12,13,2535,5135,2035,4607,784.544,784.745,0.2,1790735573.224362
t124,TCP,TCP;TLSv1.2;TLSv1.3,[IP REDACTED],52802,[IP REDACTED],443,api.mariokarttour.com,api.mariokarttour.com,api.mariokarttour.com,11,12,2450,6643,1990,6155,804.263,804.506,0.242,1790735592.943307
t125,TCP,TCP;TLSv1.2;TLSv1.3,[IP REDACTED],52804,[IP REDACTED],443,api.mariokarttour.com,api.mariokarttour.com,api.mariokarttour.com,13,14,4635,5238,4095,4670,804.551,804.759,0.208,1790735593.230698
u53,UDP,DNS,[IP REDACTED],33764,[IP REDACTED],53,,,,1,1,67,174,39,146,877.131,877.174,0.043,1790735665.810696
u54,UDP,DNS,[IP REDACTED],14760,[IP REDACTED],53,,,,1,1,67,174,39,146,877.18,877.228,0.048,1790735665.859473
t126,TCP,TCP;TLSv1.2;TLSv1.3,[IP REDACTED],40930,[IP REDACTED],443,api.mariokarttour.com,api.mariokarttour.com,api.mariokarttour.com,12,13,4041,5159,3541,4631,877.182,877.384,0.202,1790735665.861533
t127,TCP,TCP;TLSv1.2;TLSv1.3,[IP REDACTED],40938,[IP REDACTED],443,api.mariokarttour.com,api.mariokarttour.com,api.mariokarttour.com,12,13,2530,5135,2030,4607,877.237,877.463,0.226,1790735665.916742
t128,TCP,TCP;TLSv1.2;TLSv1.3,[IP REDACTED],40948,[IP REDACTED],443,api.mariokarttour.com,api.mariokarttour.com,api.mariokarttour.com,12,12,3201,5120,2701,4632,880.492,880.818,0.326,1790735669.171407
t129,TCP,TCP;TLSv1.2;TLSv1.3,[IP REDACTED],33936,[IP REDACTED],443,api.mariokarttour.com,api.mariokarttour.com,api.mariokarttour.com,12,13,2555,10936,2055,10408,883.625,884.004,0.379,1790735672.304546
t130,TCP,TCP;TLSv1.2;TLSv1.3,[IP REDACTED],33950,[IP REDACTED],443,api.mariokarttour.com,api.mariokarttour.com,api.mariokarttour.com,11,13,2568,10112,2108,9584,884.168,884.423,0.255,1790735672.847886
t131,TCP,TCP;TLSv1.2;TLSv1.3,[IP REDACTED],33962,[IP REDACTED],443,api.mariokarttour.com,api.mariokarttour.com,api.mariokarttour.com,12,13,2602,10006,2102,9478,884.556,884.82,0.264,1790735673.235808
t132,TCP,TCP;TLSv1.2;TLSv1.3,[IP REDACTED],33976,[IP REDACTED],443,api.mariokarttour.com,api.mariokarttour.com,api.mariokarttour.com,12,13,2605,10142,2105,9614,884.98,885.326,0.347,1790735673.659386
t133,TCP,TCP;TLSv1.2;TLSv1.3,[IP REDACTED],33978,[IP REDACTED],443,api.mariokarttour.com,api.mariokarttour.com,api.mariokarttour.com,12,13,2608,7578,2108,7050,885.463,885.839,0.376,1790735674.142986
u55,UDP,DNS,[IP REDACTED],40526,[IP REDACTED],53,,,,1,1,71,212,43,184,888.35,888.459,0.109,1790735677.029941
t134,TCP,TCP;TLSv1.2;TLSv1.3,[IP REDACTED],56116,[IP REDACTED],443,support.mariokarttour.com,support.mariokarttour.com,support.mariokarttour.com,20,19,7454,47616,6634,46848,888.461,969.693,81.232,1790735677.141244
u56,UDP,DNS,[IP REDACTED],2853,[IP REDACTED],53,,,,1,1,89,203,61,175,888.932,888.98,0.047,1790735677.612122
u57,UDP,DNS,[IP REDACTED],30187,[IP REDACTED],53,,,,1,1,85,146,57,118,888.934,888.959,0.025,1790735677.614179
t135,TCP,TCP;TLSv1.2;TLSv1.3,[IP REDACTED],54694,[IP REDACTED],443,support-cdn-mariokarttour.akamaized.net,support-cdn-mariokarttour.akamaized.net,support-cdn-mariokarttour.akamaized.net,17,21,3591,78510,2891,77662,888.969,973.464,84.495,1790735677.648498
t136,TCP,TCP;TLSv1.2;TLSv1.3,[IP REDACTED],54696,[IP REDACTED],443,support-cdn-mariokarttour.akamaized.net,support-cdn-mariokarttour.akamaized.net,support-cdn-mariokarttour.akamaized.net,134,245,7511,2130194,2131,2120386,888.972,973.464,84.492,1790735677.651874
t137,TCP,TCP;TLSv1.2;TLSv1.3,[IP REDACTED],52314,[IP REDACTED],443,announcement-resource-cdn.mariokarttour.com,announcement-resource-cdn.mariokarttour.com,announcement-resource-cdn.mariokarttour.com,14,19,1988,56043,1408,55275,888.984,908.187,19.203,1790735677.664181
u58,UDP,DNS,[IP REDACTED],40984,[IP REDACTED],53,,,,1,1,96,112,68,84,907.293,907.338,0.045,1790735695.972723
t138,TCP,TCP;TLSv1.2;TLSv1.3,[IP REDACTED],50258,[IP REDACTED],443,a6913b7b80402974409b47079c29d775.baas.nintendo.com,a6913b7b80402974409b47079c29d775.baas.nintendo.com,a6913b7b80402974409b47079c29d775.baas.nintendo.com,11,11,3982,3735,3522,3287,907.35,949.952,42.602,1790735696.029683
u59,UDP,DNS,[IP REDACTED],37374,[IP REDACTED],53,,,,1,1,71,298,43,270,907.656,907.683,0.027,1790735696.335812
t139,TCP,TCP;TLSv1.2;TLSv1.3,[IP REDACTED],48670,[IP REDACTED],443,api.accounts.nintendo.com,api.accounts.nintendo.com,api.accounts.nintendo.com,11,10,1800,8869,1340,8461,907.698,909.487,1.789,1790735696.378302
u60,UDP,DNS,[IP REDACTED],15325,[IP REDACTED],53,,,,1,1,89,203,61,175,909.316,909.349,0.033,1790735697.995953
t140,TCP,TCP;TLSv1.2;TLSv1.3,[IP REDACTED],51486,[IP REDACTED],443,announcement-resource-cdn.mariokarttour.com,announcement-resource-cdn.mariokarttour.com,announcement-resource-cdn.mariokarttour.com,12,18,2022,58634,1522,57906,909.357,973.465,64.108,1790735698.03679
u61,UDP,DNS,[IP REDACTED],26915,[IP REDACTED],53,,,,1,1,67,174,39,146,920.412,920.448,0.036,1790735709.091486
t141,TCP,TCP;TLSv1.2;TLSv1.3,[IP REDACTED],35292,[IP REDACTED],443,api.mariokarttour.com,api.mariokarttour.com,api.mariokarttour.com,12,13,2537,5128,2037,4600,920.454,920.656,0.203,1790735709.133573
t142,TCP,TCP;TLSv1.2;TLSv1.3,[IP REDACTED],35306,[IP REDACTED],443,api.mariokarttour.com,api.mariokarttour.com,api.mariokarttour.com,10,13,2451,5131,2031,4603,920.786,921.01,0.224,1790735709.465908
t143,TCP,TCP;TLSv1.2;TLSv1.3,[IP REDACTED],54678,[IP REDACTED],443,api.mariokarttour.com,api.mariokarttour.com,api.mariokarttour.com,12,13,2518,5125,2018,4597,921.067,921.295,0.227,1790735709.747374
t144,TCP,TCP;TLSv1.2;TLSv1.3,[IP REDACTED],54692,[IP REDACTED],443,api.mariokarttour.com,api.mariokarttour.com,api.mariokarttour.com,12,13,2534,5130,2034,4602,928.324,928.637,0.313,1790735717.004255
t145,TCP,TCP;TLSv1.2;TLSv1.3,[IP REDACTED],54698,[IP REDACTED],443,api.mariokarttour.com,api.mariokarttour.com,api.mariokarttour.com,12,13,2539,5134,2039,4606,928.774,929.052,0.278,1790735717.453772
t146,TCP,TCP;TLSv1.2;TLSv1.3,[IP REDACTED],54702,[IP REDACTED],443,api.mariokarttour.com,api.mariokarttour.com,api.mariokarttour.com,12,13,2521,5127,2021,4599,929.093,929.354,0.261,1790735717.772906
t147,TCP,TCP;TLSv1.2;TLSv1.3,[IP REDACTED],54718,[IP REDACTED],443,api.mariokarttour.com,api.mariokarttour.com,api.mariokarttour.com,12,13,2482,5796,1982,5268,930.213,931.533,1.319,1790735718.892973
t148,TCP,TCP;TLSv1.2;TLSv1.3,[IP REDACTED],54726,[IP REDACTED],443,api.mariokarttour.com,api.mariokarttour.com,api.mariokarttour.com,12,13,2495,5135,1995,4607,930.241,930.433,0.192,1790735718.920944
t149,TCP,TCP;TLSv1.2;TLSv1.3,[IP REDACTED],54732,[IP REDACTED],443,api.mariokarttour.com,api.mariokarttour.com,api.mariokarttour.com,12,13,2481,5128,1981,4600,930.314,930.529,0.215,1790735718.993422
t150,TCP,TCP;TLSv1.2;TLSv1.3,[IP REDACTED],54744,[IP REDACTED],443,api.mariokarttour.com,api.mariokarttour.com,api.mariokarttour.com,11,12,2481,5085,2021,4597,930.476,930.723,0.247,1790735719.156271
t151,TCP,TCP;TLSv1.2;TLSv1.3,[IP REDACTED],54760,[IP REDACTED],443,api.mariokarttour.com,api.mariokarttour.com,api.mariokarttour.com,12,13,2493,5182,1993,4654,930.713,930.993,0.28,1790735719.392475
u62,UDP,DNS,[IP REDACTED],26991,[IP REDACTED],53,,,,1,1,73,175,45,147,931.645,931.681,0.036,1790735720.324681
u63,UDP,DNS,[IP REDACTED],12289,[IP REDACTED],53,,,,1,1,73,217,45,189,931.65,931.683,0.034,1790735720.329591
t152,TCP,TCP;TLSv1.2,[IP REDACTED],34988,[IP REDACTED],443,c-lp1.accounts.nintendo.com,c-lp1.accounts.nintendo.com,c-lp1.accounts.nintendo.com,12,12,1217,9484,717,8996,931.695,931.883,0.189,1790735720.374391
t153,TCP,TCP;TLSv1.2,[IP REDACTED],34992,[IP REDACTED],443,c-lp1.accounts.nintendo.com,c-lp1.accounts.nintendo.com,c-lp1.accounts.nintendo.com,9,10,1097,9381,717,8973,931.704,993.548,61.844,1790735720.383534
t154,TCP,TCP;TLSv1.2,[IP REDACTED],34996,[IP REDACTED],443,c-lp1.accounts.nintendo.com,c-lp1.accounts.nintendo.com,c-lp1.accounts.nintendo.com,11,12,1177,9484,717,8996,931.707,931.907,0.2,1790735720.386489
t155,TCP,TCP;TLSv1.2,[IP REDACTED],35010,[IP REDACTED],443,c-lp1.accounts.nintendo.com,c-lp1.accounts.nintendo.com,c-lp1.accounts.nintendo.com,9,10,1097,9381,717,8973,931.709,993.55,61.841,1790735720.389061
t156,TCP,TCP;TLSv1.2,[IP REDACTED],35024,[IP REDACTED],443,c-lp1.accounts.nintendo.com,c-lp1.accounts.nintendo.com,c-lp1.accounts.nintendo.com,9,10,1097,9381,717,8973,931.712,993.551,61.839,1790735720.391528
t157,TCP,TCP;TLSv1.2,[IP REDACTED],35034,[IP REDACTED],443,c-lp1.accounts.nintendo.com,c-lp1.accounts.nintendo.com,c-lp1.accounts.nintendo.com,9,10,1097,9381,717,8973,931.715,993.551,61.836,1790735720.394761
t158,TCP,TCP;TLSv1.2,[IP REDACTED],35036,[IP REDACTED],443,c-lp1.accounts.nintendo.com,c-lp1.accounts.nintendo.com,c-lp1.accounts.nintendo.com,9,10,1097,9381,717,8973,931.717,993.551,61.834,1790735720.396832
t159,TCP,TCP;TLSv1.2,[IP REDACTED],35046,[IP REDACTED],443,c-lp1.accounts.nintendo.com,c-lp1.accounts.nintendo.com,c-lp1.accounts.nintendo.com,9,10,1097,9381,717,8973,931.718,993.552,61.834,1790735720.398221
t160,TCP,TCP;TLSv1.2,[IP REDACTED],35060,[IP REDACTED],443,c-lp1.accounts.nintendo.com,c-lp1.accounts.nintendo.com,c-lp1.accounts.nintendo.com,10,11,1137,9421,717,8973,931.72,993.553,61.833,1790735720.399408
t161,TCP,TCP;TLSv1.2,[IP REDACTED],35066,[IP REDACTED],443,c-lp1.accounts.nintendo.com,c-lp1.accounts.nintendo.com,c-lp1.accounts.nintendo.com,9,11,1097,9421,717,8973,931.722,993.553,61.831,1790735720.401538
t162,TCP,TCP;TLSv1.2;TLSv1.3,[IP REDACTED],39878,[IP REDACTED],443,api.mariokarttour.com,api.mariokarttour.com,api.mariokarttour.com,12,13,2533,5136,2033,4608,938.498,938.765,0.268,1790735727.177566
t163,TCP,TCP;TLSv1.2;TLSv1.3,[IP REDACTED],37482,[IP REDACTED],443,api.mariokarttour.com,api.mariokarttour.com,api.mariokarttour.com,12,13,2483,5186,1983,4658,947.535,947.995,0.46,1790735736.215195
t164,TCP,TCP;TLSv1.2;TLSv1.3,[IP REDACTED],37496,[IP REDACTED],443,api.mariokarttour.com,api.mariokarttour.com,api.mariokarttour.com,12,13,2529,5135,2029,4607,947.603,947.898,0.296,1790735736.28249
u64,UDP,DNS,[IP REDACTED],46620,[IP REDACTED],53,,,,1,1,75,107,47,79,948.222,948.251,0.029,1790735736.902261
u65,UDP,DNS,[IP REDACTED],12891,[IP REDACTED],53,,,,1,1,75,107,47,79,948.267,948.287,0.021,1790735736.946434
u66,UDP,UDP,[IP REDACTED],49217,[IP REDACTED],33334,nat-check-0.mariokarttour.com,,nat-check-0.mariokarttour.com,3,0,93,0,9,0,948.299,948.3,0.001,1790735736.978723
u67,UDP,UDP,[IP REDACTED],49217,[IP REDACTED],34543,nat-check-0.mariokarttour.com,,nat-check-0.mariokarttour.com,6,3,186,111,18,27,948.301,948.503,0.202,1790735736.980715
u68,UDP,UDP,[IP REDACTED],49217,[IP REDACTED],34543,nat-check-1.mariokarttour.com,,nat-check-1.mariokarttour.com,3,3,93,111,9,27,948.303,948.503,0.2,1790735736.982697
t165,TCP,TCP;TLSv1.2;TLSv1.3,[IP REDACTED],48064,[IP REDACTED],443,pubsub.googleapis.com,pubsub.googleapis.com,pubsub.googleapis.com,11,11,4984,6207,4524,5759,949.826,1013.966,64.14,1790735738.505898
u69,UDP,DNS,[IP REDACTED],34705,[IP REDACTED],53,,,,1,1,67,174,39,146,997.033,997.08,0.047,1790735785.712945
t166,TCP,TCP;TLSv1.2;TLSv1.3,[IP REDACTED],43802,[IP REDACTED],443,api.mariokarttour.com,api.mariokarttour.com,api.mariokarttour.com,12,13,4042,5159,3542,4631,997.092,997.347,0.256,1790735785.771405
t167,TCP,TCP;TLSv1.2;TLSv1.3,[IP REDACTED],43804,[IP REDACTED],443,api.mariokarttour.com,api.mariokarttour.com,api.mariokarttour.com,12,13,2531,5133,2031,4605,998.497,998.889,0.392,1790735787.177084
t168,TCP,TCP;TLSv1.2;TLSv1.3,[IP REDACTED],40518,[IP REDACTED],443,api.mariokarttour.com,api.mariokarttour.com,api.mariokarttour.com,12,13,4048,5160,3548,4632,1007.416,1007.793,0.376,1790735796.09612
t169,TCP,TCP;TLSv1.2;TLSv1.3,[IP REDACTED],43406,[IP REDACTED],443,api.mariokarttour.com,api.mariokarttour.com,api.mariokarttour.com,12,13,4055,5163,3555,4635,1019.42,1019.673,0.253,1790735808.100027
u70,UDP,DNS,[IP REDACTED],24043,[IP REDACTED],53,,,,1,1,67,174,39,146,1030.414,1030.476,0.062,1790735819.094124
t170,TCP,TCP;TLSv1.2;TLSv1.3,[IP REDACTED],57614,[IP REDACTED],443,api.mariokarttour.com,api.mariokarttour.com,api.mariokarttour.com,12,13,4053,5158,3553,4630,1030.481,1030.731,0.25,1790735819.160757
u71,UDP,DNS,[IP REDACTED],22707,[IP REDACTED],53,,,,1,1,96,112,68,84,1042.439,1042.468,0.029,1790735831.119013
t171,TCP,TCP;TLSv1.2;TLSv1.3,[IP REDACTED],48558,[IP REDACTED],443,a6913b7b80402974409b47079c29d775.baas.nintendo.com,a6913b7b80402974409b47079c29d775.baas.nintendo.com,a6913b7b80402974409b47079c29d775.baas.nintendo.com,10,10,2777,5732,2357,5324,1042.473,1046.198,3.725,1790735831.152626
