service,host,method,path,content_type,auth,client_function,source,notes
Nintendo Account (NA),api.accounts.nintendo.com,POST,/connect/1.0.0/api/session_token,application/x-www-form-urlencoded,,d,com/nintendo/npf/sdk/core/d.java:23,
Nintendo Account (NA),api.accounts.nintendo.com,POST,/api/1.0.0/email/send_purchased_to_parent,application/json,,d,com/nintendo/npf/sdk/core/d.java:40,
Nintendo BaaS (NPF SDK),a6913b7b80402974409b47079c29d775.baas.nintendo.com,GET,/inquiry/v1/users/{param},,Bearer <BaaS access token>,j2,com/nintendo/npf/sdk/core/j2.java:15,
Nintendo BaaS (NPF SDK),a6913b7b80402974409b47079c29d775.baas.nintendo.com,POST,/bigdata/v1/analytics/events,application/json,Bearer <BaaS access token>,m0,com/nintendo/npf/sdk/core/m0.java:15,
Nintendo BaaS (NPF SDK),a6913b7b80402974409b47079c29d775.baas.nintendo.com,GET,/bigdata/v1/analytics/events/config,,Bearer <BaaS access token>,m0,com/nintendo/npf/sdk/core/m0.java:24,
Nintendo BaaS (NPF SDK),a6913b7b80402974409b47079c29d775.baas.nintendo.com,POST,/core/v1/users/{param}/transfer_code,application/json,Bearer <BaaS access token>,u0,com/nintendo/npf/sdk/core/u0.java:29,
Nintendo BaaS (NPF SDK),a6913b7b80402974409b47079c29d775.baas.nintendo.com,POST,/core/v1/gateway/sdk/federation,application/json,,u0,com/nintendo/npf/sdk/core/u0.java:39,
Nintendo BaaS (NPF SDK),a6913b7b80402974409b47079c29d775.baas.nintendo.com,GET,/core/v1/users/{param}/transfer_code,,Bearer <BaaS access token>,u0,com/nintendo/npf/sdk/core/u0.java:82,
Nintendo BaaS (NPF SDK),a6913b7b80402974409b47079c29d775.baas.nintendo.com,POST,/core/v1/gateway/sdk/transfer_code,application/json,,u0,com/nintendo/npf/sdk/core/u0.java:90,
Nintendo BaaS (NPF SDK),a6913b7b80402974409b47079c29d775.baas.nintendo.com,POST,/core/v1/gateway/sdk/login,application/json,,u0,com/nintendo/npf/sdk/core/u0.java:100,
Nintendo BaaS (NPF SDK),a6913b7b80402974409b47079c29d775.baas.nintendo.com,PATCH,/core/v1/users/{param},application/json-patch+json,Bearer <BaaS access token>,u0,com/nintendo/npf/sdk/core/u0.java:110,
Nintendo BaaS (NPF SDK),a6913b7b80402974409b47079c29d775.baas.nintendo.com,?,/core/v1/users,,Bearer <BaaS access token>,u0,com/nintendo/npf/sdk/core/u0.java:120,
Nintendo BaaS (NPF SDK),a6913b7b80402974409b47079c29d775.baas.nintendo.com,POST,/core/v1/users/{param}/link,application/x-www-form-urlencoded,Bearer <BaaS access token>,u0,com/nintendo/npf/sdk/core/u0.java:141,
Nintendo BaaS (NPF SDK),a6913b7b80402974409b47079c29d775.baas.nintendo.com,GET,/notification/v1/push_channels/{param}/{param},,Bearer <BaaS access token>,u3,com/nintendo/npf/sdk/core/u3.java:15,
Nintendo BaaS (NPF SDK),a6913b7b80402974409b47079c29d775.baas.nintendo.com,PUT,/notification/v1/push_channels/{param}/{param},application/json,Bearer <BaaS access token>,u3,com/nintendo/npf/sdk/core/u3.java:20,
Nintendo BaaS (NPF SDK),a6913b7b80402974409b47079c29d775.baas.nintendo.com,POST,/audit/v1/profanity_inspect,application/json,Bearer <BaaS access token>,z,com/nintendo/npf/sdk/core/z.java:15,
Nintendo BaaS (NPF SDK),a6913b7b80402974409b47079c29d775.baas.nintendo.com,POST,/vcm/v1/users/{param}/markets/{param}/transactions,application/json,Bearer <BaaS access token>,PromoCodeApi,com/nintendo/npf/sdk/infrastructure/api/PromoCodeApi.java:80,
Nintendo BaaS (NPF SDK),a6913b7b80402974409b47079c29d775.baas.nintendo.com,GET,/vcm/v1/markets/{param}/promo_bundles,,Bearer <BaaS access token>,PromoCodeApi,com/nintendo/npf/sdk/infrastructure/api/PromoCodeApi.java:95,
Nintendo BaaS (NPF SDK),a6913b7b80402974409b47079c29d775.baas.nintendo.com,POST,/subs/v1/users/{param}/markets/{param}/products/{param}/replacement,application/json,Bearer <BaaS access token>,SubscriptionApi,com/nintendo/npf/sdk/infrastructure/api/SubscriptionApi.java:165,
Nintendo BaaS (NPF SDK),a6913b7b80402974409b47079c29d775.baas.nintendo.com,POST,/subs/v1/users/{param}/markets/{param}/purchases,application/json,Bearer <BaaS access token>,SubscriptionApi,com/nintendo/npf/sdk/infrastructure/api/SubscriptionApi.java:181,
Nintendo BaaS (NPF SDK),a6913b7b80402974409b47079c29d775.baas.nintendo.com,GET,/subs/v1/users/{param}/purchases,,Bearer <BaaS access token>,SubscriptionApi,com/nintendo/npf/sdk/infrastructure/api/SubscriptionApi.java:196,
Nintendo BaaS (NPF SDK),a6913b7b80402974409b47079c29d775.baas.nintendo.com,GET,/subs/v1/markets/{param}/products,,Bearer <BaaS access token>,SubscriptionApi,com/nintendo/npf/sdk/infrastructure/api/SubscriptionApi.java:211,
Nintendo BaaS (NPF SDK),a6913b7b80402974409b47079c29d775.baas.nintendo.com,GET,/subs/v1/users/{param}/markets/{param}/purchases,,Bearer <BaaS access token>,SubscriptionApi,com/nintendo/npf/sdk/infrastructure/api/SubscriptionApi.java:226,
Nintendo BaaS (NPF SDK),a6913b7b80402974409b47079c29d775.baas.nintendo.com,PUT,/subs/v1/users/{param}/markets/{param}/ownerships,application/json,Bearer <BaaS access token>,SubscriptionApi,com/nintendo/npf/sdk/infrastructure/api/SubscriptionApi.java:242,
Nintendo BaaS (NPF SDK),a6913b7b80402974409b47079c29d775.baas.nintendo.com,PUT,/subs/v1/users/{param}/markets/{param}/purchases,application/json,Bearer <BaaS access token>,SubscriptionApi,com/nintendo/npf/sdk/infrastructure/api/SubscriptionApi.java:258,
Nintendo BaaS (NPF SDK),a6913b7b80402974409b47079c29d775.baas.nintendo.com,GET,/vcm/v1/markets/{param}/bundles,,Bearer <BaaS access token>,VirtualCurrencyApi,com/nintendo/npf/sdk/infrastructure/api/VirtualCurrencyApi.java:218,
Nintendo BaaS (NPF SDK),a6913b7b80402974409b47079c29d775.baas.nintendo.com,GET,/vcm/v1/users/{param}/{param}/split,,Bearer <BaaS access token>,VirtualCurrencyApi,com/nintendo/npf/sdk/infrastructure/api/VirtualCurrencyApi.java:233,
Nintendo BaaS (NPF SDK),a6913b7b80402974409b47079c29d775.baas.nintendo.com,?,/vcm/v1/users/{param}/wallets/split,,Bearer <BaaS access token>,VirtualCurrencyApi,com/nintendo/npf/sdk/infrastructure/api/VirtualCurrencyApi.java:246,
Nintendo BaaS (NPF SDK),a6913b7b80402974409b47079c29d775.baas.nintendo.com,GET,/vcm/v1/users/{param}/markets/{param}/transactions,,Bearer <BaaS access token>,VirtualCurrencyApi,com/nintendo/npf/sdk/infrastructure/api/VirtualCurrencyApi.java:264,
Nintendo BaaS (NPF SDK),a6913b7b80402974409b47079c29d775.baas.nintendo.com,GET,/vcm/v1/users/{param}/ability,,Bearer <BaaS access token>,VirtualCurrencyApi,com/nintendo/npf/sdk/infrastructure/api/VirtualCurrencyApi.java:283,
Nintendo BaaS (NPF SDK),a6913b7b80402974409b47079c29d775.baas.nintendo.com,GET,/vcm/v1/users/{param}/markets/{param}/{param},,Bearer <BaaS access token>,VirtualCurrencyApi,com/nintendo/npf/sdk/infrastructure/api/VirtualCurrencyApi.java:305,
Nintendo BaaS (NPF SDK),a6913b7b80402974409b47079c29d775.baas.nintendo.com,GET,/vcm/v1/users/{param}/markets/{param}/wallets,,Bearer <BaaS access token>,VirtualCurrencyApi,com/nintendo/npf/sdk/infrastructure/api/VirtualCurrencyApi.java:320,
Nintendo Account (NA),accounts.nintendo.com,GET (browser),/connect/1.0.0/authorize?...,,,NaAuthenticationActivity,com/nintendo/npf/sdk/internal/app/NaAuthenticationActivity.java:130,"OAuth2/OIDC authorize with PKCE (session_token_code_challenge, S256). Redirect npf5dbf84c0c704b31b://auth"
Nintendo Account (NA),accounts.nintendo.com,GET (browser),/mii_studio?redirect_uri=npf5dbf84c0c704b31b://mii_studio&client_id=5dbf84c0c704b31b&lang=..,,,MiiStudioActivity,com/nintendo/npf/sdk/core/w2.java:104,
Nintendo Account (NA),accounts.nintendo.com,GET (browser),/term_chooser/faq,,,,com/nintendo/npf/sdk/core/d3.java:226,
My Nintendo point program,<pointProgramHost from capabilities>,GET (browser),/inapp?platform=google&client_id=%s&country=%s&page=%s...,,,,com/nintendo/npf/sdk/mynintendo/PointProgramService.java:85,
Sakasho / Booster game API (libs2pcore),<unknown - from SakashoServerConfig / C# (encrypted metadata)>,?,/v1/assets/base_url,application/x-protobuf,X-Sks-Session-Token (from POST session create),SksAssetGetBaseURL,libs2pcore.so strings,method not recoverable from strings; client has Get/Post/Delete request classes
Sakasho / Booster game API (libs2pcore),<unknown - from SakashoServerConfig / C# (encrypted metadata)>,?,/v1/booster/players/@me/event_race/terms,application/x-protobuf,X-Sks-Session-Token (from POST session create),SksEventRaceGetTermSituations | SksEventRaceListTermStatistics,libs2pcore.so strings,method not recoverable from strings; client has Get/Post/Delete request classes
Sakasho / Booster game API (libs2pcore),<unknown - from SakashoServerConfig / C# (encrypted metadata)>,?,/v1/booster/players/@me/rank_race/ghosts,application/x-protobuf,X-Sks-Session-Token (from POST session create),SksRankRaceJoin | SksRankRaceJoinAndUpdateScores | SksRankRaceListPlayerSituations | SksRankRaceListRivals | SksRankRaceSaveTermResult | SksRankRaceShowLastJoinedTermSituation | SksRankRaceShowTermSituation | SksRankRaceUpdateScore,libs2pcore.so strings,method not recoverable from strings; client has Get/Post/Delete request classes
Sakasho / Booster game API (libs2pcore),<unknown - from SakashoServerConfig / C# (encrypted metadata)>,?,/v1/booster/players/@me/rank_race/ghosts/download,application/x-protobuf,X-Sks-Session-Token (from POST session create),SksRankRaceJoin | SksRankRaceJoinAndUpdateScores | SksRankRaceListPlayerSituations | SksRankRaceListRivals | SksRankRaceSaveTermResult | SksRankRaceShowLastJoinedTermSituation | SksRankRaceShowTermSituation | SksRankRaceUpdateScore,libs2pcore.so strings,method not recoverable from strings; client has Get/Post/Delete request classes
Sakasho / Booster game API (libs2pcore),<unknown - from SakashoServerConfig / C# (encrypted metadata)>,?,/v1/booster/players/@me/rank_race/ghosts/prototype_destroy,application/x-protobuf,X-Sks-Session-Token (from POST session create),SksRankRaceJoin | SksRankRaceJoinAndUpdateScores | SksRankRaceListPlayerSituations | SksRankRaceListRivals | SksRankRaceSaveTermResult | SksRankRaceShowLastJoinedTermSituation | SksRankRaceShowTermSituation | SksRankRaceUpdateScore,libs2pcore.so strings,method not recoverable from strings; client has Get/Post/Delete request classes
Sakasho / Booster game API (libs2pcore),<unknown - from SakashoServerConfig / C# (encrypted metadata)>,?,/v1/booster/players/@me/rank_race/ghosts/prototype_search,application/x-protobuf,X-Sks-Session-Token (from POST session create),SksRankRaceJoin | SksRankRaceJoinAndUpdateScores | SksRankRaceListPlayerSituations | SksRankRaceListRivals | SksRankRaceSaveTermResult | SksRankRaceShowLastJoinedTermSituation | SksRankRaceShowTermSituation | SksRankRaceUpdateScore,libs2pcore.so strings,method not recoverable from strings; client has Get/Post/Delete request classes
Sakasho / Booster game API (libs2pcore),<unknown - from SakashoServerConfig / C# (encrypted metadata)>,?,/v1/booster/players/@me/rarity_box_lottery/lotteries,application/x-protobuf,X-Sks-Session-Token (from POST session create),SksRarityBoxLotteryDrawLotteryByPlayerStorage | SksRarityBoxLotteryDrawLotteryByTicket | SksRarityBoxLotteryDrawLotteryByVirtualCurrency | SksRarityBoxLotteryGetLotteries | SksRarityBoxLotteryGetLotteryPackages | SksRarityBoxLotteryGetLotteryTickets | SksRarityBoxLotteryResetLotteryItems,libs2pcore.so strings,method not recoverable from strings; client has Get/Post/Delete request classes
Sakasho / Booster game API (libs2pcore),<unknown - from SakashoServerConfig / C# (encrypted metadata)>,?,/v1/friend_history,application/x-protobuf,X-Sks-Session-Token (from POST session create),SksFriendHistoryCreateHistory,libs2pcore.so strings,method not recoverable from strings; client has Get/Post/Delete request classes
Sakasho / Booster game API (libs2pcore),<unknown - from SakashoServerConfig / C# (encrypted metadata)>,?,/v1/friend_requests,application/x-protobuf,X-Sks-Session-Token (from POST session create),SksFriendDeleteFriendRequest | SksFriendGetReceivedFriendRequests | SksFriendGetSentFriendRequests | SksFriendRefuseFriendRequest | SksFriendSendFriendRequest,libs2pcore.so strings,method not recoverable from strings; client has Get/Post/Delete request classes
Sakasho / Booster game API (libs2pcore),<unknown - from SakashoServerConfig / C# (encrypted metadata)>,?,/v1/masters,application/x-protobuf,X-Sks-Session-Token (from POST session create),SksMasterGetMasters,libs2pcore.so strings,method not recoverable from strings; client has Get/Post/Delete request classes
Sakasho / Booster game API (libs2pcore),<unknown - from SakashoServerConfig / C# (encrypted metadata)>,?,/v1/na/friend_candidates,application/x-protobuf,X-Sks-Session-Token (from POST session create),SksFriendCandidateGetFriendCandidates | SksFriendCandidateGetRandomFriendCandidates | SksNintendoAccountGetFriendCandidates,libs2pcore.so strings,method not recoverable from strings; client has Get/Post/Delete request classes
Sakasho / Booster game API (libs2pcore),<unknown - from SakashoServerConfig / C# (encrypted metadata)>,?,/v1/na/players/@me/mission_progress,application/x-protobuf,X-Sks-Session-Token (from POST session create),SksNintendoAccountSetMissionSteps,libs2pcore.so strings,method not recoverable from strings; client has Get/Post/Delete request classes
Sakasho / Booster game API (libs2pcore),<unknown - from SakashoServerConfig / C# (encrypted metadata)>,?,/v1/payment/received_extra_bonus_amounts,application/x-protobuf,X-Sks-Session-Token (from POST session create),SksPaymentGetReceivedExtraBonusAmounts,libs2pcore.so strings,method not recoverable from strings; client has Get/Post/Delete request classes
Sakasho / Booster game API (libs2pcore),<unknown - from SakashoServerConfig / C# (encrypted metadata)>,?,/v1/players/@me/achievements,application/x-protobuf,X-Sks-Session-Token (from POST session create),SksAchievementGetAchievements | SksAchievementUnlockAchievement | SksAchievementUnlockAchievements,libs2pcore.so strings,method not recoverable from strings; client has Get/Post/Delete request classes
Sakasho / Booster game API (libs2pcore),<unknown - from SakashoServerConfig / C# (encrypted metadata)>,?,/v1/players/@me/achievements/create_multi,application/x-protobuf,X-Sks-Session-Token (from POST session create),SksAchievementGetAchievements | SksAchievementUnlockAchievement | SksAchievementUnlockAchievements,libs2pcore.so strings,method not recoverable from strings; client has Get/Post/Delete request classes
Sakasho / Booster game API (libs2pcore),<unknown - from SakashoServerConfig / C# (encrypted metadata)>,?,/v1/players/@me/achievements/list,application/x-protobuf,X-Sks-Session-Token (from POST session create),SksAchievementGetAchievements | SksAchievementUnlockAchievement | SksAchievementUnlockAchievements,libs2pcore.so strings,method not recoverable from strings; client has Get/Post/Delete request classes
Sakasho / Booster game API (libs2pcore),<unknown - from SakashoServerConfig / C# (encrypted metadata)>,?,/v1/players/@me/announcements,application/x-protobuf,X-Sks-Session-Token (from POST session create),SksAnnouncementGetAnnouncements | SksAnnouncementGetPrivateAnnouncements | SksAnnouncementReadAnnouncements,libs2pcore.so strings,method not recoverable from strings; client has Get/Post/Delete request classes
Sakasho / Booster game API (libs2pcore),<unknown - from SakashoServerConfig / C# (encrypted metadata)>,?,/v1/players/@me/block_lists,application/x-protobuf,X-Sks-Session-Token (from POST session create),SksBlockListAddPlayers | SksBlockListGetPlayers | SksBlockListRemovePlayers,libs2pcore.so strings,method not recoverable from strings; client has Get/Post/Delete request classes
Sakasho / Booster game API (libs2pcore),<unknown - from SakashoServerConfig / C# (encrypted metadata)>,?,/v1/players/@me/block_lists/add,application/x-protobuf,X-Sks-Session-Token (from POST session create),SksBlockListAddPlayers,libs2pcore.so strings,method not recoverable from strings; client has Get/Post/Delete request classes
Sakasho / Booster game API (libs2pcore),<unknown - from SakashoServerConfig / C# (encrypted metadata)>,?,/v1/players/@me/block_lists/remove,application/x-protobuf,X-Sks-Session-Token (from POST session create),SksBlockListRemovePlayers,libs2pcore.so strings,method not recoverable from strings; client has Get/Post/Delete request classes
Sakasho / Booster game API (libs2pcore),<unknown - from SakashoServerConfig / C# (encrypted metadata)>,?,/v1/players/@me/deactivate,application/x-protobuf,X-Sks-Session-Token (from POST session create),SksSystemDeactivatePlayer,libs2pcore.so strings,method not recoverable from strings; client has Get/Post/Delete request classes
Sakasho / Booster game API (libs2pcore),<unknown - from SakashoServerConfig / C# (encrypted metadata)>,?,/v1/players/@me/facebook,application/x-protobuf,X-Sks-Session-Token (from POST session create),SksFacebookAccountGetStatus | SksFacebookAccountLinkWithPlayer | SksFacebookAccountUnlink,libs2pcore.so strings,method not recoverable from strings; client has Get/Post/Delete request classes
Sakasho / Booster game API (libs2pcore),<unknown - from SakashoServerConfig / C# (encrypted metadata)>,?,/v1/players/@me/friend_candidates,application/x-protobuf,X-Sks-Session-Token (from POST session create),SksFriendCandidateGetFriendCandidates | SksFriendCandidateGetRandomFriendCandidates | SksNintendoAccountGetFriendCandidates,libs2pcore.so strings,method not recoverable from strings; client has Get/Post/Delete request classes
Sakasho / Booster game API (libs2pcore),<unknown - from SakashoServerConfig / C# (encrypted metadata)>,?,/v1/players/@me/friend_candidates/random,application/x-protobuf,X-Sks-Session-Token (from POST session create),SksFriendCandidateGetRandomFriendCandidates,libs2pcore.so strings,method not recoverable from strings; client has Get/Post/Delete request classes
Sakasho / Booster game API (libs2pcore),<unknown - from SakashoServerConfig / C# (encrypted metadata)>,?,/v1/players/@me/friend_relationships,application/x-protobuf,X-Sks-Session-Token (from POST session create),SksFriendGetRelationships,libs2pcore.so strings,method not recoverable from strings; client has Get/Post/Delete request classes
Sakasho / Booster game API (libs2pcore),<unknown - from SakashoServerConfig / C# (encrypted metadata)>,?,/v1/players/@me/friends,application/x-protobuf,X-Sks-Session-Token (from POST session create),SksFriendCandidateGetFriendCandidates | SksFriendCandidateGetRandomFriendCandidates | SksFriendDeleteFriend | SksFriendDeleteFriendRequest | SksFriendGetFriends | SksFriendGetReceivedFriendRequests | SksFriendGetRelationships | SksFriendGetSentFriendRequests | SksFriendHistoryCreateHistory | SksFriendRefuseFriendRequest | SksFriendSendFriendRequest | SksNintendoAccountGetFriendCandidates,libs2pcore.so strings,method not recoverable from strings; client has Get/Post/Delete request classes
Sakasho / Booster game API (libs2pcore),<unknown - from SakashoServerConfig / C# (encrypted metadata)>,?,/v1/players/@me/iris/access_token,application/x-protobuf,X-Sks-Session-Token (from POST session create),SksIrisGetAccessToken,libs2pcore.so strings,method not recoverable from strings; client has Get/Post/Delete request classes
Sakasho / Booster game API (libs2pcore),<unknown - from SakashoServerConfig / C# (encrypted metadata)>,?,/v1/players/@me/private_announcements,application/x-protobuf,X-Sks-Session-Token (from POST session create),SksAnnouncementGetPrivateAnnouncements,libs2pcore.so strings,method not recoverable from strings; client has Get/Post/Delete request classes
Sakasho / Booster game API (libs2pcore),<unknown - from SakashoServerConfig / C# (encrypted metadata)>,?,/v1/players/@me/search_tokens,application/x-protobuf,X-Sks-Session-Token (from POST session create),SksPlayerCreateSearchToken | SksPlayerGetPlayerBySearchToken | SksPlayerGetSearchToken,libs2pcore.so strings,method not recoverable from strings; client has Get/Post/Delete request classes
Sakasho / Booster game API (libs2pcore),<unknown - from SakashoServerConfig / C# (encrypted metadata)>,?,/v1/players/@me/session,application/x-protobuf,X-Sks-Session-Token (from POST session create),SksInternalSessionClearSession | SksInternalSessionCreatePlayerSession | SksPlayerGetSessionToken,libs2pcore.so strings,method not recoverable from strings; client has Get/Post/Delete request classes
Sakasho / Booster game API (libs2pcore),<unknown - from SakashoServerConfig / C# (encrypted metadata)>,?,/v1/players/@me/storages,application/x-protobuf,X-Sks-Session-Token (from POST session create),SksGiftablePlayerResourceDeleteGiftsAndSaveStorages | SksGiftablePlayerResourceGiftAndSaveStorages | SksInventoryDeleteInventoriesAndSetPlayerStorages | SksRarityBoxLotteryDrawLotteryByPlayerStorage | SksSharedResourceSendMessageAndSetPlayerStorages | SksStorageGetPlayerStorages | SksStorageSetPlayerStorages | SksVirtualCurrencyConsumeAndSetPlayerStorages,libs2pcore.so strings,method not recoverable from strings; client has Get/Post/Delete request classes
Sakasho / Booster game API (libs2pcore),<unknown - from SakashoServerConfig / C# (encrypted metadata)>,?,/v1/players/@me/storages_and_inventories,application/x-protobuf,X-Sks-Session-Token (from POST session create),SksInventoryDeleteInventoriesAndSetPlayerStorages,libs2pcore.so strings,method not recoverable from strings; client has Get/Post/Delete request classes
Sakasho / Booster game API (libs2pcore),<unknown - from SakashoServerConfig / C# (encrypted metadata)>,?,/v1/players/@me/twitter,application/x-protobuf,X-Sks-Session-Token (from POST session create),SksTwitterAccountGetStatus | SksTwitterAccountLinkWithPlayer | SksTwitterAccountUnlink,libs2pcore.so strings,method not recoverable from strings; client has Get/Post/Delete request classes
Sakasho / Booster game API (libs2pcore),<unknown - from SakashoServerConfig / C# (encrypted metadata)>,?,/v1/players/@me/virtual_currencies/consume_and_set_player_storages,application/x-protobuf,X-Sks-Session-Token (from POST session create),SksVirtualCurrencyConsumeAndSetPlayerStorages,libs2pcore.so strings,method not recoverable from strings; client has Get/Post/Delete request classes
Sakasho / Booster game API (libs2pcore),<unknown - from SakashoServerConfig / C# (encrypted metadata)>,?,/v1/players/@me/virtual_currencies/recover,application/x-protobuf,X-Sks-Session-Token (from POST session create),SksRarityBoxLotteryDrawLotteryByVirtualCurrency | SksVirtualCurrencyConsumeAndSetPlayerStorages,libs2pcore.so strings,method not recoverable from strings; client has Get/Post/Delete request classes
Sakasho / Booster game API (libs2pcore),<unknown - from SakashoServerConfig / C# (encrypted metadata)>,?,/v1/players/@me/virtual_currencies_and_inventories,application/x-protobuf,X-Sks-Session-Token (from POST session create),SksInventoryDeleteInventoriesAndUpdateVirtualCurrencies,libs2pcore.so strings,method not recoverable from strings; client has Get/Post/Delete request classes
Sakasho / Booster game API (libs2pcore),<unknown - from SakashoServerConfig / C# (encrypted metadata)>,?,/v1/players/_/storages/list,application/x-protobuf,X-Sks-Session-Token (from POST session create),SksGiftablePlayerResourceDeleteGiftsAndSaveStorages | SksGiftablePlayerResourceGiftAndSaveStorages | SksInventoryDeleteInventoriesAndSetPlayerStorages | SksRarityBoxLotteryDrawLotteryByPlayerStorage | SksSharedResourceSendMessageAndSetPlayerStorages | SksStorageGetPlayerStorages | SksStorageSetPlayerStorages | SksVirtualCurrencyConsumeAndSetPlayerStorages,libs2pcore.so strings,method not recoverable from strings; client has Get/Post/Delete request classes
Sakasho / Booster game API (libs2pcore),<unknown - from SakashoServerConfig / C# (encrypted metadata)>,?,/v1/players/search_tokens,application/x-protobuf,X-Sks-Session-Token (from POST session create),SksPlayerCreateSearchToken | SksPlayerGetPlayerBySearchToken | SksPlayerGetSearchToken,libs2pcore.so strings,method not recoverable from strings; client has Get/Post/Delete request classes
Sakasho / Booster game API (libs2pcore),<unknown - from SakashoServerConfig / C# (encrypted metadata)>,?,/v1/secure_random,application/x-protobuf,X-Sks-Session-Token (from POST session create),SksSecureRandomGenerateRandomBytes,libs2pcore.so strings,method not recoverable from strings; client has Get/Post/Delete request classes
Sakasho / Booster game API (libs2pcore),<unknown - from SakashoServerConfig / C# (encrypted metadata)>,?,/v1/shared_resource_messages,application/x-protobuf,X-Sks-Session-Token (from POST session create),SksSharedResourceGetMessages | SksSharedResourceSendMessageAndSetPlayerStorages,libs2pcore.so strings,method not recoverable from strings; client has Get/Post/Delete request classes
Sakasho / Booster game API (libs2pcore),<unknown - from SakashoServerConfig / C# (encrypted metadata)>,?,/v1/shared_resources,application/x-protobuf,X-Sks-Session-Token (from POST session create),SksSharedResourceCreateResource | SksSharedResourceGetMessages | SksSharedResourceGetResources | SksSharedResourceSearchResources | SksSharedResourceSendMessageAndSetPlayerStorages,libs2pcore.so strings,method not recoverable from strings; client has Get/Post/Delete request classes
Sakasho / Booster game API (libs2pcore),<unknown - from SakashoServerConfig / C# (encrypted metadata)>,?,/v1/suspicious_activity,application/x-protobuf,X-Sks-Session-Token (from POST session create),SksSuspiciousActivityReportSuspiciousPlayer,libs2pcore.so strings,method not recoverable from strings; client has Get/Post/Delete request classes
Sakasho / Booster game API (libs2pcore),<unknown - from SakashoServerConfig / C# (encrypted metadata)>,?,/v1/version,application/x-protobuf,X-Sks-Session-Token (from POST session create),SksSystemGetSdkVersion | SksSystemGetServerVersion,libs2pcore.so strings,method not recoverable from strings; client has Get/Post/Delete request classes
Sakasho / Booster game API (libs2pcore),<unknown - from SakashoServerConfig / C# (encrypted metadata)>,?,/v2/payment/received_extra_bonuses/list,application/x-protobuf,X-Sks-Session-Token (from POST session create),SksPaymentGetReceivedExtraBonusAmounts | SksPaymentGetReceivedExtraBonuses,libs2pcore.so strings,method not recoverable from strings; client has Get/Post/Delete request classes
Sakasho / Booster game API (libs2pcore),<unknown - from SakashoServerConfig / C# (encrypted metadata)>,?,/v2/players/@me/login_bonuses,application/x-protobuf,X-Sks-Session-Token (from POST session create),SksLoginBonusCountUpLoginBonuses | SksLoginBonusGetLoginBonusesAll,libs2pcore.so strings,method not recoverable from strings; client has Get/Post/Delete request classes
Sakasho / Booster game API (libs2pcore),<unknown - from SakashoServerConfig / C# (encrypted metadata)>,?,/v2/players/@me/products/list,application/x-protobuf,X-Sks-Session-Token (from POST session create),SksEventRacePurchaseRewardProduct | SksProductGetProducts | SksProductGetProductsAll | SksProductPurchase,libs2pcore.so strings,method not recoverable from strings; client has Get/Post/Delete request classes
Sakasho / Booster game API (libs2pcore),<unknown - from SakashoServerConfig / C# (encrypted metadata)>,?,/v2/players/@me/products/purchase,application/x-protobuf,X-Sks-Session-Token (from POST session create),SksEventRacePurchaseRewardProduct | SksProductPurchase,libs2pcore.so strings,method not recoverable from strings; client has Get/Post/Delete request classes
Sakasho / Booster game API (libs2pcore),<unknown - from SakashoServerConfig / C# (encrypted metadata)>,?,/v3/booster/event_race/list_term_statistics,application/x-protobuf,X-Sks-Session-Token (from POST session create),SksEventRaceListTermStatistics,libs2pcore.so strings,method not recoverable from strings; client has Get/Post/Delete request classes
Sakasho / Booster game API (libs2pcore),<unknown - from SakashoServerConfig / C# (encrypted metadata)>,?,/v3/booster/giftable_player_resource/delete_gifts_and_save_storages,application/x-protobuf,X-Sks-Session-Token (from POST session create),SksGiftablePlayerResourceDeleteGiftsAndSaveStorages,libs2pcore.so strings,method not recoverable from strings; client has Get/Post/Delete request classes
Sakasho / Booster game API (libs2pcore),<unknown - from SakashoServerConfig / C# (encrypted metadata)>,?,/v3/booster/giftable_player_resource/gift_and_save_storages,application/x-protobuf,X-Sks-Session-Token (from POST session create),SksGiftablePlayerResourceDeleteGiftsAndSaveStorages | SksGiftablePlayerResourceGiftAndSaveStorages,libs2pcore.so strings,method not recoverable from strings; client has Get/Post/Delete request classes
Sakasho / Booster game API (libs2pcore),<unknown - from SakashoServerConfig / C# (encrypted metadata)>,?,/v3/booster/giftable_player_resource/list_gifts,application/x-protobuf,X-Sks-Session-Token (from POST session create),SksGiftablePlayerResourceListGifts,libs2pcore.so strings,method not recoverable from strings; client has Get/Post/Delete request classes
Sakasho / Booster game API (libs2pcore),<unknown - from SakashoServerConfig / C# (encrypted metadata)>,?,/v3/booster/intentional_push_notification/send_push_notifications,application/x-protobuf,X-Sks-Session-Token (from POST session create),SksIntentionalPushNotificationSendPushNotifications,libs2pcore.so strings,method not recoverable from strings; client has Get/Post/Delete request classes
Sakasho / Booster game API (libs2pcore),<unknown - from SakashoServerConfig / C# (encrypted metadata)>,?,/v3/booster/izumo/create_client_key,application/x-protobuf,X-Sks-Session-Token (from POST session create),SksIzumoCreateClientKey,libs2pcore.so strings,method not recoverable from strings; client has Get/Post/Delete request classes
Sakasho / Booster game API (libs2pcore),<unknown - from SakashoServerConfig / C# (encrypted metadata)>,?,/v3/booster/mii/create_miis,application/x-protobuf,X-Sks-Session-Token (from POST session create),SksMiiCreateMiis,libs2pcore.so strings,method not recoverable from strings; client has Get/Post/Delete request classes
Sakasho / Booster game API (libs2pcore),<unknown - from SakashoServerConfig / C# (encrypted metadata)>,?,/v3/booster/mii/delete_miis,application/x-protobuf,X-Sks-Session-Token (from POST session create),SksMiiDeleteMiis,libs2pcore.so strings,method not recoverable from strings; client has Get/Post/Delete request classes
Sakasho / Booster game API (libs2pcore),<unknown - from SakashoServerConfig / C# (encrypted metadata)>,?,/v3/booster/mii/list_own_miis,application/x-protobuf,X-Sks-Session-Token (from POST session create),SksMiiListOwnMiis,libs2pcore.so strings,method not recoverable from strings; client has Get/Post/Delete request classes
Sakasho / Booster game API (libs2pcore),<unknown - from SakashoServerConfig / C# (encrypted metadata)>,?,/v3/booster/mii/search_miis,application/x-protobuf,X-Sks-Session-Token (from POST session create),SksMiiSearchMiis,libs2pcore.so strings,method not recoverable from strings; client has Get/Post/Delete request classes
Sakasho / Booster game API (libs2pcore),<unknown - from SakashoServerConfig / C# (encrypted metadata)>,?,/v3/booster/mk8dx/fetch_play_report,application/x-protobuf,X-Sks-Session-Token (from POST session create),SksMk8dxFetchPlayReport,libs2pcore.so strings,method not recoverable from strings; client has Get/Post/Delete request classes
Sakasho / Booster game API (libs2pcore),<unknown - from SakashoServerConfig / C# (encrypted metadata)>,?,/v3/booster/rank_race/join,application/x-protobuf,X-Sks-Session-Token (from POST session create),SksRankRaceJoin | SksRankRaceJoinAndUpdateScores | SksRankRaceShowLastJoinedTermSituation,libs2pcore.so strings,method not recoverable from strings; client has Get/Post/Delete request classes
Sakasho / Booster game API (libs2pcore),<unknown - from SakashoServerConfig / C# (encrypted metadata)>,?,/v3/booster/rank_race/join_and_update_scores,application/x-protobuf,X-Sks-Session-Token (from POST session create),SksRankRaceJoinAndUpdateScores,libs2pcore.so strings,method not recoverable from strings; client has Get/Post/Delete request classes
Sakasho / Booster game API (libs2pcore),<unknown - from SakashoServerConfig / C# (encrypted metadata)>,?,/v3/booster/rank_race/list_player_situations,application/x-protobuf,X-Sks-Session-Token (from POST session create),SksRankRaceListPlayerSituations,libs2pcore.so strings,method not recoverable from strings; client has Get/Post/Delete request classes
Sakasho / Booster game API (libs2pcore),<unknown - from SakashoServerConfig / C# (encrypted metadata)>,?,/v3/booster/rank_race/list_rivals,application/x-protobuf,X-Sks-Session-Token (from POST session create),SksRankRaceListRivals,libs2pcore.so strings,method not recoverable from strings; client has Get/Post/Delete request classes
Sakasho / Booster game API (libs2pcore),<unknown - from SakashoServerConfig / C# (encrypted metadata)>,?,/v3/booster/rank_race/save_term_result,application/x-protobuf,X-Sks-Session-Token (from POST session create),SksRankRaceSaveTermResult,libs2pcore.so strings,method not recoverable from strings; client has Get/Post/Delete request classes
Sakasho / Booster game API (libs2pcore),<unknown - from SakashoServerConfig / C# (encrypted metadata)>,?,/v3/booster/rank_race/show_last_joined_term_situation,application/x-protobuf,X-Sks-Session-Token (from POST session create),SksRankRaceShowLastJoinedTermSituation,libs2pcore.so strings,method not recoverable from strings; client has Get/Post/Delete request classes
Sakasho / Booster game API (libs2pcore),<unknown - from SakashoServerConfig / C# (encrypted metadata)>,?,/v3/booster/rank_race/show_term_situation,application/x-protobuf,X-Sks-Session-Token (from POST session create),SksRankRaceShowLastJoinedTermSituation | SksRankRaceShowTermSituation,libs2pcore.so strings,method not recoverable from strings; client has Get/Post/Delete request classes
Sakasho / Booster game API (libs2pcore),<unknown - from SakashoServerConfig / C# (encrypted metadata)>,?,/v3/booster/rank_race/update_score,application/x-protobuf,X-Sks-Session-Token (from POST session create),SksRankRaceJoinAndUpdateScores | SksRankRaceUpdateScore,libs2pcore.so strings,method not recoverable from strings; client has Get/Post/Delete request classes
Sakasho / Booster game API (libs2pcore),<unknown - from SakashoServerConfig / C# (encrypted metadata)>,?,/v3/booster/season_summary/list_summary_prepared_seasons,application/x-protobuf,X-Sks-Session-Token (from POST session create),SksSeasonSummaryListSummaryPreparedSeasons,libs2pcore.so strings,method not recoverable from strings; client has Get/Post/Delete request classes
Sakasho / Booster game API (libs2pcore),<unknown - from SakashoServerConfig / C# (encrypted metadata)>,?,/v3/daily_bonus/update_daily_bonus,application/x-protobuf,X-Sks-Session-Token (from POST session create),,libs2pcore.so strings,method not recoverable from strings; client has Get/Post/Delete request classes
Sakasho / Booster game API (libs2pcore),<unknown - from SakashoServerConfig / C# (encrypted metadata)>,?,/v3/debug_player/destroy_debug_player,application/x-protobuf,X-Sks-Session-Token (from POST session create),SksDebugPlayerDestroyDebugPlayer,libs2pcore.so strings,method not recoverable from strings; client has Get/Post/Delete request classes
Sakasho / Booster game API (libs2pcore),<unknown - from SakashoServerConfig / C# (encrypted metadata)>,?,/v3/debug_player/set_debug_time,application/x-protobuf,X-Sks-Session-Token (from POST session create),SksDebugPlayerSetDebugTime,libs2pcore.so strings,method not recoverable from strings; client has Get/Post/Delete request classes
Sakasho / Booster game API (libs2pcore),<unknown - from SakashoServerConfig / C# (encrypted metadata)>,?,/v3/debug_player/show_debug_player,application/x-protobuf,X-Sks-Session-Token (from POST session create),SksDebugPlayerShowDebugPlayer,libs2pcore.so strings,method not recoverable from strings; client has Get/Post/Delete request classes
Sakasho / Booster game API (libs2pcore),<unknown - from SakashoServerConfig / C# (encrypted metadata)>,?,/v3/inventory/get_inventories,application/x-protobuf,X-Sks-Session-Token (from POST session create),SksInventoryGetInventories,libs2pcore.so strings,method not recoverable from strings; client has Get/Post/Delete request classes
Sakasho / Booster game API (libs2pcore),<unknown - from SakashoServerConfig / C# (encrypted metadata)>,?,/v3/inventory/receive_server_controlled_resources,application/x-protobuf,X-Sks-Session-Token (from POST session create),SksInventoryReceiveServerControlledResources,libs2pcore.so strings,method not recoverable from strings; client has Get/Post/Delete request classes
Sakasho / Booster game API (libs2pcore),<unknown - from SakashoServerConfig / C# (encrypted metadata)>,?,/v3/limited_nintendo_account/fetch_nintendo_account,application/x-protobuf,X-Sks-Session-Token (from POST session create),SksLimitedNintendoAccountFetchNintendoAccount,libs2pcore.so strings,method not recoverable from strings; client has Get/Post/Delete request classes
Sakasho / Booster game API (libs2pcore),<unknown - from SakashoServerConfig / C# (encrypted metadata)>,?,/v3/limited_subscription/get_entitlements,application/x-protobuf,X-Sks-Session-Token (from POST session create),SksLimitedSubscriptionGetEntitlements,libs2pcore.so strings,method not recoverable from strings; client has Get/Post/Delete request classes
Sakasho / Booster game API (libs2pcore),<unknown - from SakashoServerConfig / C# (encrypted metadata)>,?,/v3/limited_subscription/get_global_purchases,application/x-protobuf,X-Sks-Session-Token (from POST session create),SksLimitedSubscriptionGetGlobalPurchases,libs2pcore.so strings,method not recoverable from strings; client has Get/Post/Delete request classes
Sakasho / Booster game API (libs2pcore),<unknown - from SakashoServerConfig / C# (encrypted metadata)>,?,/v3/limited_subscription/get_purchases_with_account_hold,application/x-protobuf,X-Sks-Session-Token (from POST session create),SksLimitedSubscriptionGetGlobalPurchases | SksLimitedSubscriptionGetPurchases,libs2pcore.so strings,method not recoverable from strings; client has Get/Post/Delete request classes
Sakasho / Booster game API (libs2pcore),<unknown - from SakashoServerConfig / C# (encrypted metadata)>,?,/v3/security_nonce/generate_nonce,application/x-protobuf,X-Sks-Session-Token (from POST session create),SksV2SecurityGenerateNonce,libs2pcore.so strings,method not recoverable from strings; client has Get/Post/Delete request classes
Sakasho / Booster game API (libs2pcore),<unknown - from SakashoServerConfig / C# (encrypted metadata)>,?,/v3/server_controlled_constant/get_all_constants,application/x-protobuf,X-Sks-Session-Token (from POST session create),SksServerControlledConstantGetAllConstants,libs2pcore.so strings,method not recoverable from strings; client has Get/Post/Delete request classes
Sakasho / Booster game API (libs2pcore),<unknown - from SakashoServerConfig / C# (encrypted metadata)>,?,/v3/subscription_continuation/update_continuation,application/x-protobuf,X-Sks-Session-Token (from POST session create),SksSubscriptionContinuationUpdateContinuation,libs2pcore.so strings,method not recoverable from strings; client has Get/Post/Delete request classes
NPLN (Nintendo network platform - multiplayer / Pia),%s.lp1.p.srv.nintendo.net,n/a,,,,,libil2cpp.so strings,"lp1 = live production, dd1 = dev; %s likely an app/tenant id. Classes: NplnConnection, NplnTransport, NplnClientCall, NplnDetail"
NPLN (Nintendo network platform - multiplayer / Pia),%s.dd1.p.srv.nintendo.net,n/a,,,,,libil2cpp.so strings,"lp1 = live production, dd1 = dev; %s likely an app/tenant id. Classes: NplnConnection, NplnTransport, NplnClientCall, NplnDetail"
Firebase Installations,firebaseinstallations.googleapis.com,,,,,,classes.dex,
Firebase Realtime DB (config only),npf-booster-a6913b7.firebaseio.com,,,,,,res/values/strings.xml firebase_database_url,
Firebase / Google Analytics (Scion),app-measurement.com,,/a,,,,classes.dex,
Firebase / Google Analytics (Scion),app-measurement.com,,/s/d,,,,classes.dex,
Bugsnag error reporting,notify.bugsnag.com,,/,,,,classes.dex,
Bugsnag session tracking,sessions.bugsnag.com,,/,,,,classes.dex,
Google OAuth,oauth2.googleapis.com,,/token,,,,classes.dex,
Google Cloud Pub/Sub (NPF bigdata?),pubsub.googleapis.com,,/,,,,classes.dex + pubsub.v1.json in APK root,
Google Ads conversion,www.googleadservices.com,,/pagead/conversion/app/deeplink,,,,classes.dex,
