apk,type,files,compressed,uncompressed
base.apk,nabe_zstd_asset,520,73927012,73984640
base.apk,unity_data,7,6818927,7863321
base.apk,dex_bytecode,2,7244608,7244608
base.apk,res_image,221,1362099,1362099
base.apk,wwise_audio_meta,2,137539,937390
base.apk,android_binary_xml_or_arsc,2,416527,439004
base.apk,signature_meta,49,98188,243740
base.apk,res_xml,194,69234,172946
base.apk,schema_or_config,13,38505,157010
base.apk,asset_other,7,148534,148860
base.apk,other,3,44060,73534
base.apk,kotlin_metadata,7,10164,28940
base.apk,library_version_properties,31,1600,2432
base.apk,res_other,2,80,80
split_config.arm64_v8a.apk,native_library,16,81630272,199382672
split_config.arm64_v8a.apk,signature_meta,3,3307,5314
split_config.arm64_v8a.apk,android_binary_xml_or_arsc,1,460,1032
split_config.arm64_v8a.apk,other,1,35,32
