apk,extension,files,uncompressed
base.apk,.zst,518,73656385
base.apk,.dex,2,7244608
base.apk,.unity3d,1,6399805
base.apk,.png,221,1362099
base.apk,(none),5,1121353
base.apk,.h,1,936204
base.apk,.bytes,3,474735
base.apk,.arsc,1,410484
base.apk,.dat,1,337563
base.apk,.xml,196,202652
base.apk,.sf,1,120643
base.apk,.mf,1,120516
base.apk,.json,4,109123
base.apk,.jks,1,71764
base.apk,.proto,12,52968
base.apk,.kotlin_builtins,7,28940
base.apk,.properties,32,2488
base.apk,.rsa,1,2180
base.apk,.bin,1,1738
base.apk,.prof,1,1375
base.apk,.version,41,259
base.apk,.txt,2,238
base.apk,.config,1,185
base.apk,.profm,1,179
base.apk,.build_fingerprint,1,68
base.apk,.binarypb,1,34
base.apk,.b,1,6
base.apk,.d0,1,6
base.apk,.v,1,6
split_config.arm64_v8a.apk,.so,16,199382672
split_config.arm64_v8a.apk,.rsa,1,2172
split_config.arm64_v8a.apk,.sf,1,1625
split_config.arm64_v8a.apk,.mf,1,1517
split_config.arm64_v8a.apk,.xml,1,1032
split_config.arm64_v8a.apk,(none),1,32
