tcp_stream,time_rel_s,client,server_ip,server_port,sni,dns_names_for_ip,client_offered_versions,negotiated_version,alpn_offered,alpn_selected,cipher_suite,ja3,ja4,ja3s,server_cert_visible,server_cert_details
0,5.202708000,[IP REDACTED]:45174,[IP REDACTED],443,sessions.bugsnag.com,sessions.bugsnag.com,TLS1.3;TLS1.2,TLS1.3,http/1.1,,0x1301,9b02ebd3a43b62d825e1ac605b621dc8,t13d1713h1_5b57614c22b0_eca864cca44a,eb1d94daa7e0344597e756a1fb6e7054,no (TLS1.3 encrypts Certificate),
1,6.392075000,[IP REDACTED]:58032,[IP REDACTED],443,a6913b7b80402974409b47079c29d775.baas.nintendo.com,a6913b7b80402974409b47079c29d775.baas.nintendo.com,TLS1.3;TLS1.2,TLS1.3,http/1.1,,0x1301,9b02ebd3a43b62d825e1ac605b621dc8,t13d1713h1_5b57614c22b0_eca864cca44a,eb1d94daa7e0344597e756a1fb6e7054,no (TLS1.3 encrypts Certificate),
2,6.699719000,[IP REDACTED]:50778,[IP REDACTED],443,api.accounts.nintendo.com,api.accounts.nintendo.com,TLS1.3;TLS1.2,TLS1.3,http/1.1,,0x1302,9b02ebd3a43b62d825e1ac605b621dc8,t13d1713h1_5b57614c22b0_eca864cca44a,15af977ce25de452b96affa2addb1036,no (TLS1.3 encrypts Certificate),
3,7.373026000,[IP REDACTED]:50690,[IP REDACTED],443,api.mariokarttour.com,api.mariokarttour.com,TLS1.3;TLS1.2,TLS1.3,,,0x1301,8a776f8777f7ba2e601f4e4329c4666d,t13d671100_174880dd5333_c50a3655fff1,f4febc55ea12b31ae17cfb7e614afda8,no (TLS1.3 encrypts Certificate),
3,7.391954000,[IP REDACTED]:50690,[IP REDACTED],443,api.mariokarttour.com,api.mariokarttour.com,TLS1.3;TLS1.2,TLS1.3,,,0x1301,8a776f8777f7ba2e601f4e4329c4666d,t13d671100_174880dd5333_c50a3655fff1,f4febc55ea12b31ae17cfb7e614afda8,no (TLS1.3 encrypts Certificate),
4,7.813945000,[IP REDACTED]:50696,[IP REDACTED],443,api.mariokarttour.com,api.mariokarttour.com,TLS1.3;TLS1.2,TLS1.3,,,0x1301,8a776f8777f7ba2e601f4e4329c4666d,t13d671100_174880dd5333_c50a3655fff1,f4febc55ea12b31ae17cfb7e614afda8,no (TLS1.3 encrypts Certificate),
6,7.815681000,[IP REDACTED]:50710,[IP REDACTED],443,api.mariokarttour.com,api.mariokarttour.com,TLS1.3;TLS1.2,TLS1.3,,,0x1301,8a776f8777f7ba2e601f4e4329c4666d,t13d671100_174880dd5333_c50a3655fff1,f4febc55ea12b31ae17cfb7e614afda8,no (TLS1.3 encrypts Certificate),
7,7.816919000,[IP REDACTED]:50720,[IP REDACTED],443,api.mariokarttour.com,api.mariokarttour.com,TLS1.3;TLS1.2,TLS1.3,,,0x1301,8a776f8777f7ba2e601f4e4329c4666d,t13d671100_174880dd5333_c50a3655fff1,f4febc55ea12b31ae17cfb7e614afda8,no (TLS1.3 encrypts Certificate),
5,7.821322000,[IP REDACTED]:50706,[IP REDACTED],443,api.mariokarttour.com,api.mariokarttour.com,TLS1.3;TLS1.2,TLS1.3,,,0x1301,8a776f8777f7ba2e601f4e4329c4666d,t13d671100_174880dd5333_c50a3655fff1,f4febc55ea12b31ae17cfb7e614afda8,no (TLS1.3 encrypts Certificate),
6,7.833119000,[IP REDACTED]:50710,[IP REDACTED],443,api.mariokarttour.com,api.mariokarttour.com,TLS1.3;TLS1.2,TLS1.3,,,0x1301,8a776f8777f7ba2e601f4e4329c4666d,t13d671100_174880dd5333_c50a3655fff1,f4febc55ea12b31ae17cfb7e614afda8,no (TLS1.3 encrypts Certificate),
4,7.833132000,[IP REDACTED]:50696,[IP REDACTED],443,api.mariokarttour.com,api.mariokarttour.com,TLS1.3;TLS1.2,TLS1.3,,,0x1301,8a776f8777f7ba2e601f4e4329c4666d,t13d671100_174880dd5333_c50a3655fff1,f4febc55ea12b31ae17cfb7e614afda8,no (TLS1.3 encrypts Certificate),
7,7.837630000,[IP REDACTED]:50720,[IP REDACTED],443,api.mariokarttour.com,api.mariokarttour.com,TLS1.3;TLS1.2,TLS1.3,,,0x1301,8a776f8777f7ba2e601f4e4329c4666d,t13d671100_174880dd5333_c50a3655fff1,f4febc55ea12b31ae17cfb7e614afda8,no (TLS1.3 encrypts Certificate),
5,7.847166000,[IP REDACTED]:50706,[IP REDACTED],443,api.mariokarttour.com,api.mariokarttour.com,TLS1.3;TLS1.2,TLS1.3,,,0x1301,8a776f8777f7ba2e601f4e4329c4666d,t13d671100_174880dd5333_c50a3655fff1,f4febc55ea12b31ae17cfb7e614afda8,no (TLS1.3 encrypts Certificate),
8,7.866243000,[IP REDACTED]:50728,[IP REDACTED],443,api.mariokarttour.com,api.mariokarttour.com,TLS1.3;TLS1.2,TLS1.3,,,0x1301,8a776f8777f7ba2e601f4e4329c4666d,t13d671100_174880dd5333_c50a3655fff1,f4febc55ea12b31ae17cfb7e614afda8,no (TLS1.3 encrypts Certificate),
8,7.889495000,[IP REDACTED]:50728,[IP REDACTED],443,api.mariokarttour.com,api.mariokarttour.com,TLS1.3;TLS1.2,TLS1.3,,,0x1301,8a776f8777f7ba2e601f4e4329c4666d,t13d671100_174880dd5333_c50a3655fff1,f4febc55ea12b31ae17cfb7e614afda8,no (TLS1.3 encrypts Certificate),
9,8.140526000,[IP REDACTED]:50738,[IP REDACTED],443,api.mariokarttour.com,api.mariokarttour.com,TLS1.3;TLS1.2,TLS1.3,,,0x1301,8a776f8777f7ba2e601f4e4329c4666d,t13d671100_174880dd5333_c50a3655fff1,f4febc55ea12b31ae17cfb7e614afda8,no (TLS1.3 encrypts Certificate),
9,8.162278000,[IP REDACTED]:50738,[IP REDACTED],443,api.mariokarttour.com,api.mariokarttour.com,TLS1.3;TLS1.2,TLS1.3,,,0x1301,8a776f8777f7ba2e601f4e4329c4666d,t13d671100_174880dd5333_c50a3655fff1,f4febc55ea12b31ae17cfb7e614afda8,no (TLS1.3 encrypts Certificate),
10,8.220095000,[IP REDACTED]:43992,[IP REDACTED],443,download-cdn-mariokarttour.akamaized.net,download-cdn-mariokarttour.akamaized.net,,TLS1.2,,,0xcca9,dd1cf3704c96ca236a7792f4d1ed50d0,t12d990700_faffc54d2b3b_63157f74ca7a,63743b46235eafbf07950e6fbab70fe4,yes,"{""names(printable|utf8)"": ""DigiCert Inc|DigiCert Global G3 TLS ECC SHA384 2020 CA1|Massachusetts|Cambridge|Akamai Technologies, Inc.|a248.e.akamai.net|DigiCert Inc|www.digicert.com|DigiCert Global Root G3|DigiCert Inc|DigiCert Global G3 TLS ECC SHA384 2020 CA1"", ""SANs"": ""a248.e.akamai.net|*.akamaized.net|*.akamaized-staging.net|*.akamaihd.net|*.akamaihd-staging.net"", ""validity(utc)"": ""2025-12-22 00:00:00 (UTC)|2026-12-22 23:59:59 (UTC)|2021-04-14 00:00:00 (UTC)|2031-04-13 23:59:59 (UTC)"", ""serials"": ""0373ab420f54941b555742d9ac890626|0b00e92d4d6d731fca3059c7cb1e1886""}"
11,8.301340000,[IP REDACTED]:50746,[IP REDACTED],443,api.mariokarttour.com,api.mariokarttour.com,TLS1.3;TLS1.2,TLS1.3,,,0x1301,8a776f8777f7ba2e601f4e4329c4666d,t13d671100_174880dd5333_c50a3655fff1,f4febc55ea12b31ae17cfb7e614afda8,no (TLS1.3 encrypts Certificate),
11,8.317717000,[IP REDACTED]:50746,[IP REDACTED],443,api.mariokarttour.com,api.mariokarttour.com,TLS1.3;TLS1.2,TLS1.3,,,0x1301,8a776f8777f7ba2e601f4e4329c4666d,t13d671100_174880dd5333_c50a3655fff1,f4febc55ea12b31ae17cfb7e614afda8,no (TLS1.3 encrypts Certificate),
12,8.907954000,[IP REDACTED]:50756,[IP REDACTED],443,api.mariokarttour.com,api.mariokarttour.com,TLS1.3;TLS1.2,TLS1.3,,,0x1301,8a776f8777f7ba2e601f4e4329c4666d,t13d671100_174880dd5333_c50a3655fff1,f4febc55ea12b31ae17cfb7e614afda8,no (TLS1.3 encrypts Certificate),
13,8.909364000,[IP REDACTED]:50764,[IP REDACTED],443,api.mariokarttour.com,api.mariokarttour.com,TLS1.3;TLS1.2,TLS1.3,,,0x1301,8a776f8777f7ba2e601f4e4329c4666d,t13d671100_174880dd5333_c50a3655fff1,f4febc55ea12b31ae17cfb7e614afda8,no (TLS1.3 encrypts Certificate),
14,8.910012000,[IP REDACTED]:50772,[IP REDACTED],443,api.mariokarttour.com,api.mariokarttour.com,TLS1.3;TLS1.2,TLS1.3,,,0x1301,8a776f8777f7ba2e601f4e4329c4666d,t13d671100_174880dd5333_c50a3655fff1,f4febc55ea12b31ae17cfb7e614afda8,no (TLS1.3 encrypts Certificate),
15,8.920246000,[IP REDACTED]:50778,[IP REDACTED],443,api.mariokarttour.com,api.mariokarttour.com,TLS1.3;TLS1.2,TLS1.3,,,0x1301,8a776f8777f7ba2e601f4e4329c4666d,t13d671100_174880dd5333_c50a3655fff1,f4febc55ea12b31ae17cfb7e614afda8,no (TLS1.3 encrypts Certificate),
13,8.928479000,[IP REDACTED]:50764,[IP REDACTED],443,api.mariokarttour.com,api.mariokarttour.com,TLS1.3;TLS1.2,TLS1.3,,,0x1301,8a776f8777f7ba2e601f4e4329c4666d,t13d671100_174880dd5333_c50a3655fff1,f4febc55ea12b31ae17cfb7e614afda8,no (TLS1.3 encrypts Certificate),
14,8.929175000,[IP REDACTED]:50772,[IP REDACTED],443,api.mariokarttour.com,api.mariokarttour.com,TLS1.3;TLS1.2,TLS1.3,,,0x1301,8a776f8777f7ba2e601f4e4329c4666d,t13d671100_174880dd5333_c50a3655fff1,f4febc55ea12b31ae17cfb7e614afda8,no (TLS1.3 encrypts Certificate),
12,8.929816000,[IP REDACTED]:50756,[IP REDACTED],443,api.mariokarttour.com,api.mariokarttour.com,TLS1.3;TLS1.2,TLS1.3,,,0x1301,8a776f8777f7ba2e601f4e4329c4666d,t13d671100_174880dd5333_c50a3655fff1,f4febc55ea12b31ae17cfb7e614afda8,no (TLS1.3 encrypts Certificate),
15,8.935581000,[IP REDACTED]:50778,[IP REDACTED],443,api.mariokarttour.com,api.mariokarttour.com,TLS1.3;TLS1.2,TLS1.3,,,0x1301,8a776f8777f7ba2e601f4e4329c4666d,t13d671100_174880dd5333_c50a3655fff1,f4febc55ea12b31ae17cfb7e614afda8,no (TLS1.3 encrypts Certificate),
16,8.969875000,[IP REDACTED]:50780,[IP REDACTED],443,api.mariokarttour.com,api.mariokarttour.com,TLS1.3;TLS1.2,TLS1.3,,,0x1301,8a776f8777f7ba2e601f4e4329c4666d,t13d671100_174880dd5333_c50a3655fff1,f4febc55ea12b31ae17cfb7e614afda8,no (TLS1.3 encrypts Certificate),
17,8.983415000,[IP REDACTED]:50784,[IP REDACTED],443,api.mariokarttour.com,api.mariokarttour.com,TLS1.3;TLS1.2,TLS1.3,,,0x1301,8a776f8777f7ba2e601f4e4329c4666d,t13d671100_174880dd5333_c50a3655fff1,f4febc55ea12b31ae17cfb7e614afda8,no (TLS1.3 encrypts Certificate),
16,8.986537000,[IP REDACTED]:50780,[IP REDACTED],443,api.mariokarttour.com,api.mariokarttour.com,TLS1.3;TLS1.2,TLS1.3,,,0x1301,8a776f8777f7ba2e601f4e4329c4666d,t13d671100_174880dd5333_c50a3655fff1,f4febc55ea12b31ae17cfb7e614afda8,no (TLS1.3 encrypts Certificate),
19,8.998259000,[IP REDACTED]:50796,[IP REDACTED],443,api.mariokarttour.com,api.mariokarttour.com,TLS1.3;TLS1.2,TLS1.3,,,0x1301,8a776f8777f7ba2e601f4e4329c4666d,t13d671100_174880dd5333_c50a3655fff1,f4febc55ea12b31ae17cfb7e614afda8,no (TLS1.3 encrypts Certificate),
18,8.998592000,[IP REDACTED]:50794,[IP REDACTED],443,api.mariokarttour.com,api.mariokarttour.com,TLS1.3;TLS1.2,TLS1.3,,,0x1301,8a776f8777f7ba2e601f4e4329c4666d,t13d671100_174880dd5333_c50a3655fff1,f4febc55ea12b31ae17cfb7e614afda8,no (TLS1.3 encrypts Certificate),
17,9.001168000,[IP REDACTED]:50784,[IP REDACTED],443,api.mariokarttour.com,api.mariokarttour.com,TLS1.3;TLS1.2,TLS1.3,,,0x1301,8a776f8777f7ba2e601f4e4329c4666d,t13d671100_174880dd5333_c50a3655fff1,f4febc55ea12b31ae17cfb7e614afda8,no (TLS1.3 encrypts Certificate),
19,9.017109000,[IP REDACTED]:50796,[IP REDACTED],443,api.mariokarttour.com,api.mariokarttour.com,TLS1.3;TLS1.2,TLS1.3,,,0x1301,8a776f8777f7ba2e601f4e4329c4666d,t13d671100_174880dd5333_c50a3655fff1,f4febc55ea12b31ae17cfb7e614afda8,no (TLS1.3 encrypts Certificate),
18,9.019600000,[IP REDACTED]:50794,[IP REDACTED],443,api.mariokarttour.com,api.mariokarttour.com,TLS1.3;TLS1.2,TLS1.3,,,0x1301,8a776f8777f7ba2e601f4e4329c4666d,t13d671100_174880dd5333_c50a3655fff1,f4febc55ea12b31ae17cfb7e614afda8,no (TLS1.3 encrypts Certificate),
20,9.154928000,[IP REDACTED]:50812,[IP REDACTED],443,api.mariokarttour.com,api.mariokarttour.com,TLS1.3;TLS1.2,TLS1.3,,,0x1301,8a776f8777f7ba2e601f4e4329c4666d,t13d671100_174880dd5333_c50a3655fff1,f4febc55ea12b31ae17cfb7e614afda8,no (TLS1.3 encrypts Certificate),
20,9.179840000,[IP REDACTED]:50812,[IP REDACTED],443,api.mariokarttour.com,api.mariokarttour.com,TLS1.3;TLS1.2,TLS1.3,,,0x1301,8a776f8777f7ba2e601f4e4329c4666d,t13d671100_174880dd5333_c50a3655fff1,f4febc55ea12b31ae17cfb7e614afda8,no (TLS1.3 encrypts Certificate),
21,9.409653000,[IP REDACTED]:50816,[IP REDACTED],443,api.mariokarttour.com,api.mariokarttour.com,TLS1.3;TLS1.2,TLS1.3,,,0x1301,8a776f8777f7ba2e601f4e4329c4666d,t13d671100_174880dd5333_c50a3655fff1,f4febc55ea12b31ae17cfb7e614afda8,no (TLS1.3 encrypts Certificate),
21,9.433516000,[IP REDACTED]:50816,[IP REDACTED],443,api.mariokarttour.com,api.mariokarttour.com,TLS1.3;TLS1.2,TLS1.3,,,0x1301,8a776f8777f7ba2e601f4e4329c4666d,t13d671100_174880dd5333_c50a3655fff1,f4febc55ea12b31ae17cfb7e614afda8,no (TLS1.3 encrypts Certificate),
22,9.659093000,[IP REDACTED]:50174,[IP REDACTED],443,pubsub.googleapis.com,pubsub.googleapis.com,TLS1.3;TLS1.2,TLS1.3,http/1.1,,0x1302,9b02ebd3a43b62d825e1ac605b621dc8,t13d1713h1_5b57614c22b0_eca864cca44a,907bf3ecef1c987c889946b737b43de8,no (TLS1.3 encrypts Certificate),
23,9.666352000,[IP REDACTED]:50820,[IP REDACTED],443,api.mariokarttour.com,api.mariokarttour.com,TLS1.3;TLS1.2,TLS1.3,,,0x1301,8a776f8777f7ba2e601f4e4329c4666d,t13d671100_174880dd5333_c50a3655fff1,f4febc55ea12b31ae17cfb7e614afda8,no (TLS1.3 encrypts Certificate),
23,9.686530000,[IP REDACTED]:50820,[IP REDACTED],443,api.mariokarttour.com,api.mariokarttour.com,TLS1.3;TLS1.2,TLS1.3,,,0x1301,8a776f8777f7ba2e601f4e4329c4666d,t13d671100_174880dd5333_c50a3655fff1,f4febc55ea12b31ae17cfb7e614afda8,no (TLS1.3 encrypts Certificate),
25,13.373495000,[IP REDACTED]:41458,[IP REDACTED],443,api.mariokarttour.com,api.mariokarttour.com,TLS1.3;TLS1.2,TLS1.3,,,0x1301,8a776f8777f7ba2e601f4e4329c4666d,t13d671100_174880dd5333_c50a3655fff1,f4febc55ea12b31ae17cfb7e614afda8,no (TLS1.3 encrypts Certificate),
24,13.374555000,[IP REDACTED]:41456,[IP REDACTED],443,api.mariokarttour.com,api.mariokarttour.com,TLS1.3;TLS1.2,TLS1.3,,,0x1301,8a776f8777f7ba2e601f4e4329c4666d,t13d671100_174880dd5333_c50a3655fff1,f4febc55ea12b31ae17cfb7e614afda8,no (TLS1.3 encrypts Certificate),
24,13.396200000,[IP REDACTED]:41456,[IP REDACTED],443,api.mariokarttour.com,api.mariokarttour.com,TLS1.3;TLS1.2,TLS1.3,,,0x1301,8a776f8777f7ba2e601f4e4329c4666d,t13d671100_174880dd5333_c50a3655fff1,f4febc55ea12b31ae17cfb7e614afda8,no (TLS1.3 encrypts Certificate),
25,13.397224000,[IP REDACTED]:41458,[IP REDACTED],443,api.mariokarttour.com,api.mariokarttour.com,TLS1.3;TLS1.2,TLS1.3,,,0x1301,8a776f8777f7ba2e601f4e4329c4666d,t13d671100_174880dd5333_c50a3655fff1,f4febc55ea12b31ae17cfb7e614afda8,no (TLS1.3 encrypts Certificate),
26,14.137948000,[IP REDACTED]:41472,[IP REDACTED],443,api.mariokarttour.com,api.mariokarttour.com,TLS1.3;TLS1.2,TLS1.3,,,0x1301,8a776f8777f7ba2e601f4e4329c4666d,t13d671100_174880dd5333_c50a3655fff1,f4febc55ea12b31ae17cfb7e614afda8,no (TLS1.3 encrypts Certificate),
26,14.157871000,[IP REDACTED]:41472,[IP REDACTED],443,api.mariokarttour.com,api.mariokarttour.com,TLS1.3;TLS1.2,TLS1.3,,,0x1301,8a776f8777f7ba2e601f4e4329c4666d,t13d671100_174880dd5333_c50a3655fff1,f4febc55ea12b31ae17cfb7e614afda8,no (TLS1.3 encrypts Certificate),
27,14.169448000,[IP REDACTED]:51242,[IP REDACTED],443,a6913b7b80402974409b47079c29d775.baas.nintendo.com,a6913b7b80402974409b47079c29d775.baas.nintendo.com,TLS1.3;TLS1.2,TLS1.3,http/1.1,,0x1301,c67e9dc27d283f1f89b4ebb4b4670c21,t13d1713h1_5b57614c22b0_352634941f3a,2b0648ab686ee45e0e7c35fcfb0eea7e,no (TLS1.3 encrypts Certificate),
28,24.493646000,[IP REDACTED]:40922,[IP REDACTED],443,api.mariokarttour.com,api.mariokarttour.com,TLS1.3;TLS1.2,TLS1.3,,,0x1301,8a776f8777f7ba2e601f4e4329c4666d,t13d671100_174880dd5333_c50a3655fff1,f4febc55ea12b31ae17cfb7e614afda8,no (TLS1.3 encrypts Certificate),
28,24.513540000,[IP REDACTED]:40922,[IP REDACTED],443,api.mariokarttour.com,api.mariokarttour.com,TLS1.3;TLS1.2,TLS1.3,,,0x1301,8a776f8777f7ba2e601f4e4329c4666d,t13d671100_174880dd5333_c50a3655fff1,f4febc55ea12b31ae17cfb7e614afda8,no (TLS1.3 encrypts Certificate),
29,36.816198000,[IP REDACTED]:47342,[IP REDACTED],443,api.mariokarttour.com,api.mariokarttour.com,TLS1.3;TLS1.2,TLS1.3,,,0x1301,8a776f8777f7ba2e601f4e4329c4666d,t13d671100_174880dd5333_c50a3655fff1,f4febc55ea12b31ae17cfb7e614afda8,no (TLS1.3 encrypts Certificate),
29,36.835299000,[IP REDACTED]:47342,[IP REDACTED],443,api.mariokarttour.com,api.mariokarttour.com,TLS1.3;TLS1.2,TLS1.3,,,0x1301,8a776f8777f7ba2e601f4e4329c4666d,t13d671100_174880dd5333_c50a3655fff1,f4febc55ea12b31ae17cfb7e614afda8,no (TLS1.3 encrypts Certificate),
30,46.594717000,[IP REDACTED]:42582,[IP REDACTED],443,api.mariokarttour.com,api.mariokarttour.com,TLS1.3;TLS1.2,TLS1.3,,,0x1301,8a776f8777f7ba2e601f4e4329c4666d,t13d671100_174880dd5333_c50a3655fff1,f4febc55ea12b31ae17cfb7e614afda8,no (TLS1.3 encrypts Certificate),
30,46.613258000,[IP REDACTED]:42582,[IP REDACTED],443,api.mariokarttour.com,api.mariokarttour.com,TLS1.3;TLS1.2,TLS1.3,,,0x1301,8a776f8777f7ba2e601f4e4329c4666d,t13d671100_174880dd5333_c50a3655fff1,f4febc55ea12b31ae17cfb7e614afda8,no (TLS1.3 encrypts Certificate),
31,57.552696000,[IP REDACTED]:33526,[IP REDACTED],443,api.mariokarttour.com,api.mariokarttour.com,TLS1.3;TLS1.2,TLS1.3,,,0x1301,8a776f8777f7ba2e601f4e4329c4666d,t13d671100_174880dd5333_c50a3655fff1,f4febc55ea12b31ae17cfb7e614afda8,no (TLS1.3 encrypts Certificate),
31,57.570879000,[IP REDACTED]:33526,[IP REDACTED],443,api.mariokarttour.com,api.mariokarttour.com,TLS1.3;TLS1.2,TLS1.3,,,0x1301,8a776f8777f7ba2e601f4e4329c4666d,t13d671100_174880dd5333_c50a3655fff1,f4febc55ea12b31ae17cfb7e614afda8,no (TLS1.3 encrypts Certificate),
32,60.025972000,[IP REDACTED]:33540,[IP REDACTED],443,api.mariokarttour.com,api.mariokarttour.com,TLS1.3;TLS1.2,TLS1.3,,,0x1301,8a776f8777f7ba2e601f4e4329c4666d,t13d671100_174880dd5333_c50a3655fff1,f4febc55ea12b31ae17cfb7e614afda8,no (TLS1.3 encrypts Certificate),
32,60.044695000,[IP REDACTED]:33540,[IP REDACTED],443,api.mariokarttour.com,api.mariokarttour.com,TLS1.3;TLS1.2,TLS1.3,,,0x1301,8a776f8777f7ba2e601f4e4329c4666d,t13d671100_174880dd5333_c50a3655fff1,f4febc55ea12b31ae17cfb7e614afda8,no (TLS1.3 encrypts Certificate),
33,60.689371000,[IP REDACTED]:60622,[IP REDACTED],443,public-content-cdn-mariokarttour.akamaized.net,public-content-cdn-mariokarttour.akamaized.net,,TLS1.2,,,0xcca9,dd1cf3704c96ca236a7792f4d1ed50d0,t12d990700_faffc54d2b3b_63157f74ca7a,63743b46235eafbf07950e6fbab70fe4,yes,"{""names(printable|utf8)"": ""DigiCert Inc|DigiCert Global G3 TLS ECC SHA384 2020 CA1|Massachusetts|Cambridge|Akamai Technologies, Inc.|a248.e.akamai.net|DigiCert Inc|www.digicert.com|DigiCert Global Root G3|DigiCert Inc|DigiCert Global G3 TLS ECC SHA384 2020 CA1"", ""SANs"": ""a248.e.akamai.net|*.akamaized.net|*.akamaized-staging.net|*.akamaihd.net|*.akamaihd-staging.net"", ""validity(utc)"": ""2025-12-22 00:00:00 (UTC)|2026-12-22 23:59:59 (UTC)|2021-04-14 00:00:00 (UTC)|2031-04-13 23:59:59 (UTC)"", ""serials"": ""0373ab420f54941b555742d9ac890626|0b00e92d4d6d731fca3059c7cb1e1886""}"
34,60.689817000,[IP REDACTED]:60630,[IP REDACTED],443,public-content-cdn-mariokarttour.akamaized.net,public-content-cdn-mariokarttour.akamaized.net,,TLS1.2,,,0xcca9,dd1cf3704c96ca236a7792f4d1ed50d0,t12d990700_faffc54d2b3b_63157f74ca7a,63743b46235eafbf07950e6fbab70fe4,yes,"{""names(printable|utf8)"": ""DigiCert Inc|DigiCert Global G3 TLS ECC SHA384 2020 CA1|Massachusetts|Cambridge|Akamai Technologies, Inc.|a248.e.akamai.net|DigiCert Inc|www.digicert.com|DigiCert Global Root G3|DigiCert Inc|DigiCert Global G3 TLS ECC SHA384 2020 CA1"", ""SANs"": ""a248.e.akamai.net|*.akamaized.net|*.akamaized-staging.net|*.akamaihd.net|*.akamaihd-staging.net"", ""validity(utc)"": ""2025-12-22 00:00:00 (UTC)|2026-12-22 23:59:59 (UTC)|2021-04-14 00:00:00 (UTC)|2031-04-13 23:59:59 (UTC)"", ""serials"": ""0373ab420f54941b555742d9ac890626|0b00e92d4d6d731fca3059c7cb1e1886""}"
35,60.690034000,[IP REDACTED]:60644,[IP REDACTED],443,public-content-cdn-mariokarttour.akamaized.net,public-content-cdn-mariokarttour.akamaized.net,,TLS1.2,,,0xcca9,dd1cf3704c96ca236a7792f4d1ed50d0,t12d990700_faffc54d2b3b_63157f74ca7a,63743b46235eafbf07950e6fbab70fe4,yes,"{""names(printable|utf8)"": ""DigiCert Inc|DigiCert Global G3 TLS ECC SHA384 2020 CA1|Massachusetts|Cambridge|Akamai Technologies, Inc.|a248.e.akamai.net|DigiCert Inc|www.digicert.com|DigiCert Global Root G3|DigiCert Inc|DigiCert Global G3 TLS ECC SHA384 2020 CA1"", ""SANs"": ""a248.e.akamai.net|*.akamaized.net|*.akamaized-staging.net|*.akamaihd.net|*.akamaihd-staging.net"", ""validity(utc)"": ""2025-12-22 00:00:00 (UTC)|2026-12-22 23:59:59 (UTC)|2021-04-14 00:00:00 (UTC)|2031-04-13 23:59:59 (UTC)"", ""serials"": ""0373ab420f54941b555742d9ac890626|0b00e92d4d6d731fca3059c7cb1e1886""}"
36,60.691495000,[IP REDACTED]:60660,[IP REDACTED],443,public-content-cdn-mariokarttour.akamaized.net,public-content-cdn-mariokarttour.akamaized.net,,TLS1.2,,,0xcca9,dd1cf3704c96ca236a7792f4d1ed50d0,t12d990700_faffc54d2b3b_63157f74ca7a,63743b46235eafbf07950e6fbab70fe4,yes,"{""names(printable|utf8)"": ""DigiCert Inc|DigiCert Global G3 TLS ECC SHA384 2020 CA1|Massachusetts|Cambridge|Akamai Technologies, Inc.|a248.e.akamai.net|DigiCert Inc|www.digicert.com|DigiCert Global Root G3|DigiCert Inc|DigiCert Global G3 TLS ECC SHA384 2020 CA1"", ""SANs"": ""a248.e.akamai.net|*.akamaized.net|*.akamaized-staging.net|*.akamaihd.net|*.akamaihd-staging.net"", ""validity(utc)"": ""2025-12-22 00:00:00 (UTC)|2026-12-22 23:59:59 (UTC)|2021-04-14 00:00:00 (UTC)|2031-04-13 23:59:59 (UTC)"", ""serials"": ""0373ab420f54941b555742d9ac890626|0b00e92d4d6d731fca3059c7cb1e1886""}"
37,60.692442000,[IP REDACTED]:60672,[IP REDACTED],443,public-content-cdn-mariokarttour.akamaized.net,public-content-cdn-mariokarttour.akamaized.net,,TLS1.2,,,0xcca9,dd1cf3704c96ca236a7792f4d1ed50d0,t12d990700_faffc54d2b3b_63157f74ca7a,63743b46235eafbf07950e6fbab70fe4,yes,"{""names(printable|utf8)"": ""DigiCert Inc|DigiCert Global G3 TLS ECC SHA384 2020 CA1|Massachusetts|Cambridge|Akamai Technologies, Inc.|a248.e.akamai.net|DigiCert Inc|www.digicert.com|DigiCert Global Root G3|DigiCert Inc|DigiCert Global G3 TLS ECC SHA384 2020 CA1"", ""SANs"": ""a248.e.akamai.net|*.akamaized.net|*.akamaized-staging.net|*.akamaihd.net|*.akamaihd-staging.net"", ""validity(utc)"": ""2025-12-22 00:00:00 (UTC)|2026-12-22 23:59:59 (UTC)|2021-04-14 00:00:00 (UTC)|2031-04-13 23:59:59 (UTC)"", ""serials"": ""0373ab420f54941b555742d9ac890626|0b00e92d4d6d731fca3059c7cb1e1886""}"
38,60.698565000,[IP REDACTED]:60674,[IP REDACTED],443,public-content-cdn-mariokarttour.akamaized.net,public-content-cdn-mariokarttour.akamaized.net,,TLS1.2,,,0xcca9,dd1cf3704c96ca236a7792f4d1ed50d0,t12d990700_faffc54d2b3b_63157f74ca7a,63743b46235eafbf07950e6fbab70fe4,yes,"{""names(printable|utf8)"": ""DigiCert Inc|DigiCert Global G3 TLS ECC SHA384 2020 CA1|Massachusetts|Cambridge|Akamai Technologies, Inc.|a248.e.akamai.net|DigiCert Inc|www.digicert.com|DigiCert Global Root G3|DigiCert Inc|DigiCert Global G3 TLS ECC SHA384 2020 CA1"", ""SANs"": ""a248.e.akamai.net|*.akamaized.net|*.akamaized-staging.net|*.akamaihd.net|*.akamaihd-staging.net"", ""validity(utc)"": ""2025-12-22 00:00:00 (UTC)|2026-12-22 23:59:59 (UTC)|2021-04-14 00:00:00 (UTC)|2031-04-13 23:59:59 (UTC)"", ""serials"": ""0373ab420f54941b555742d9ac890626|0b00e92d4d6d731fca3059c7cb1e1886""}"
39,60.704135000,[IP REDACTED]:60684,[IP REDACTED],443,public-content-cdn-mariokarttour.akamaized.net,public-content-cdn-mariokarttour.akamaized.net,,TLS1.2,,,0xcca9,dd1cf3704c96ca236a7792f4d1ed50d0,t12d990700_faffc54d2b3b_63157f74ca7a,63743b46235eafbf07950e6fbab70fe4,yes,"{""names(printable|utf8)"": ""DigiCert Inc|DigiCert Global G3 TLS ECC SHA384 2020 CA1|Massachusetts|Cambridge|Akamai Technologies, Inc.|a248.e.akamai.net|DigiCert Inc|www.digicert.com|DigiCert Global Root G3|DigiCert Inc|DigiCert Global G3 TLS ECC SHA384 2020 CA1"", ""SANs"": ""a248.e.akamai.net|*.akamaized.net|*.akamaized-staging.net|*.akamaihd.net|*.akamaihd-staging.net"", ""validity(utc)"": ""2025-12-22 00:00:00 (UTC)|2026-12-22 23:59:59 (UTC)|2021-04-14 00:00:00 (UTC)|2031-04-13 23:59:59 (UTC)"", ""serials"": ""0373ab420f54941b555742d9ac890626|0b00e92d4d6d731fca3059c7cb1e1886""}"
40,62.363006000,[IP REDACTED]:38224,[IP REDACTED],443,api.mariokarttour.com,api.mariokarttour.com,TLS1.3;TLS1.2,TLS1.3,,,0x1301,8a776f8777f7ba2e601f4e4329c4666d,t13d671100_174880dd5333_c50a3655fff1,f4febc55ea12b31ae17cfb7e614afda8,no (TLS1.3 encrypts Certificate),
40,62.383311000,[IP REDACTED]:38224,[IP REDACTED],443,api.mariokarttour.com,api.mariokarttour.com,TLS1.3;TLS1.2,TLS1.3,,,0x1301,8a776f8777f7ba2e601f4e4329c4666d,t13d671100_174880dd5333_c50a3655fff1,f4febc55ea12b31ae17cfb7e614afda8,no (TLS1.3 encrypts Certificate),
41,187.388069000,[IP REDACTED]:45312,[IP REDACTED],443,a6913b7b80402974409b47079c29d775.baas.nintendo.com,a6913b7b80402974409b47079c29d775.baas.nintendo.com,TLS1.3;TLS1.2,TLS1.3,http/1.1,,0x1301,c67e9dc27d283f1f89b4ebb4b4670c21,t13d1713h1_5b57614c22b0_352634941f3a,2b0648ab686ee45e0e7c35fcfb0eea7e,no (TLS1.3 encrypts Certificate),
42,195.772715000,[IP REDACTED]:53518,[IP REDACTED],443,api.mariokarttour.com,api.mariokarttour.com,TLS1.3;TLS1.2,TLS1.3,,,0x1301,8a776f8777f7ba2e601f4e4329c4666d,t13d671100_174880dd5333_c50a3655fff1,f4febc55ea12b31ae17cfb7e614afda8,no (TLS1.3 encrypts Certificate),
42,195.789235000,[IP REDACTED]:53518,[IP REDACTED],443,api.mariokarttour.com,api.mariokarttour.com,TLS1.3;TLS1.2,TLS1.3,,,0x1301,8a776f8777f7ba2e601f4e4329c4666d,t13d671100_174880dd5333_c50a3655fff1,f4febc55ea12b31ae17cfb7e614afda8,no (TLS1.3 encrypts Certificate),
43,195.796943000,[IP REDACTED]:58588,[IP REDACTED],443,pubsub.googleapis.com,pubsub.googleapis.com,TLS1.3;TLS1.2,TLS1.3,http/1.1,,0x1302,c67e9dc27d283f1f89b4ebb4b4670c21,t13d1713h1_5b57614c22b0_352634941f3a,f590053ff246338aff7c203dbe7164d6,no (TLS1.3 encrypts Certificate),
44,200.546549000,[IP REDACTED]:53524,[IP REDACTED],443,api.mariokarttour.com,api.mariokarttour.com,TLS1.3;TLS1.2,TLS1.3,,,0x1301,8a776f8777f7ba2e601f4e4329c4666d,t13d671100_174880dd5333_c50a3655fff1,f4febc55ea12b31ae17cfb7e614afda8,no (TLS1.3 encrypts Certificate),
44,200.568400000,[IP REDACTED]:53524,[IP REDACTED],443,api.mariokarttour.com,api.mariokarttour.com,TLS1.3;TLS1.2,TLS1.3,,,0x1301,8a776f8777f7ba2e601f4e4329c4666d,t13d671100_174880dd5333_c50a3655fff1,f4febc55ea12b31ae17cfb7e614afda8,no (TLS1.3 encrypts Certificate),
45,201.050909000,[IP REDACTED]:50930,[IP REDACTED],443,api.mariokarttour.com,api.mariokarttour.com,TLS1.3;TLS1.2,TLS1.3,,,0x1301,8a776f8777f7ba2e601f4e4329c4666d,t13d671100_174880dd5333_c50a3655fff1,f4febc55ea12b31ae17cfb7e614afda8,no (TLS1.3 encrypts Certificate),
45,201.070843000,[IP REDACTED]:50930,[IP REDACTED],443,api.mariokarttour.com,api.mariokarttour.com,TLS1.3;TLS1.2,TLS1.3,,,0x1301,8a776f8777f7ba2e601f4e4329c4666d,t13d671100_174880dd5333_c50a3655fff1,f4febc55ea12b31ae17cfb7e614afda8,no (TLS1.3 encrypts Certificate),
46,201.445527000,[IP REDACTED]:50934,[IP REDACTED],443,api.mariokarttour.com,api.mariokarttour.com,TLS1.3;TLS1.2,TLS1.3,,,0x1301,8a776f8777f7ba2e601f4e4329c4666d,t13d671100_174880dd5333_c50a3655fff1,f4febc55ea12b31ae17cfb7e614afda8,no (TLS1.3 encrypts Certificate),
46,201.465092000,[IP REDACTED]:50934,[IP REDACTED],443,api.mariokarttour.com,api.mariokarttour.com,TLS1.3;TLS1.2,TLS1.3,,,0x1301,8a776f8777f7ba2e601f4e4329c4666d,t13d671100_174880dd5333_c50a3655fff1,f4febc55ea12b31ae17cfb7e614afda8,no (TLS1.3 encrypts Certificate),
47,254.827633000,[IP REDACTED]:41498,[IP REDACTED],443,api.mariokarttour.com,api.mariokarttour.com,TLS1.3;TLS1.2,TLS1.3,,,0x1301,8a776f8777f7ba2e601f4e4329c4666d,t13d671100_174880dd5333_c50a3655fff1,f4febc55ea12b31ae17cfb7e614afda8,no (TLS1.3 encrypts Certificate),
47,254.845574000,[IP REDACTED]:41498,[IP REDACTED],443,api.mariokarttour.com,api.mariokarttour.com,TLS1.3;TLS1.2,TLS1.3,,,0x1301,8a776f8777f7ba2e601f4e4329c4666d,t13d671100_174880dd5333_c50a3655fff1,f4febc55ea12b31ae17cfb7e614afda8,no (TLS1.3 encrypts Certificate),
48,255.537823000,[IP REDACTED]:41512,[IP REDACTED],443,api.mariokarttour.com,api.mariokarttour.com,TLS1.3;TLS1.2,TLS1.3,,,0x1301,8a776f8777f7ba2e601f4e4329c4666d,t13d671100_174880dd5333_c50a3655fff1,f4febc55ea12b31ae17cfb7e614afda8,no (TLS1.3 encrypts Certificate),
48,255.556300000,[IP REDACTED]:41512,[IP REDACTED],443,api.mariokarttour.com,api.mariokarttour.com,TLS1.3;TLS1.2,TLS1.3,,,0x1301,8a776f8777f7ba2e601f4e4329c4666d,t13d671100_174880dd5333_c50a3655fff1,f4febc55ea12b31ae17cfb7e614afda8,no (TLS1.3 encrypts Certificate),
49,260.418788000,[IP REDACTED]:41516,[IP REDACTED],443,api.mariokarttour.com,api.mariokarttour.com,TLS1.3;TLS1.2,TLS1.3,,,0x1301,8a776f8777f7ba2e601f4e4329c4666d,t13d671100_174880dd5333_c50a3655fff1,f4febc55ea12b31ae17cfb7e614afda8,no (TLS1.3 encrypts Certificate),
49,260.439080000,[IP REDACTED]:41516,[IP REDACTED],443,api.mariokarttour.com,api.mariokarttour.com,TLS1.3;TLS1.2,TLS1.3,,,0x1301,8a776f8777f7ba2e601f4e4329c4666d,t13d671100_174880dd5333_c50a3655fff1,f4febc55ea12b31ae17cfb7e614afda8,no (TLS1.3 encrypts Certificate),
50,260.917961000,[IP REDACTED]:39412,[IP REDACTED],443,public-content-cdn-mariokarttour.akamaized.net,public-content-cdn-mariokarttour.akamaized.net,,TLS1.2,,,0xcca9,dd1cf3704c96ca236a7792f4d1ed50d0,t12d990700_faffc54d2b3b_63157f74ca7a,63743b46235eafbf07950e6fbab70fe4,yes,"{""names(printable|utf8)"": ""DigiCert Inc|DigiCert Global G3 TLS ECC SHA384 2020 CA1|Massachusetts|Cambridge|Akamai Technologies, Inc.|a248.e.akamai.net|DigiCert Inc|www.digicert.com|DigiCert Global Root G3|DigiCert Inc|DigiCert Global G3 TLS ECC SHA384 2020 CA1"", ""SANs"": ""a248.e.akamai.net|*.akamaized.net|*.akamaized-staging.net|*.akamaihd.net|*.akamaihd-staging.net"", ""validity(utc)"": ""2025-12-22 00:00:00 (UTC)|2026-12-22 23:59:59 (UTC)|2021-04-14 00:00:00 (UTC)|2031-04-13 23:59:59 (UTC)"", ""serials"": ""0373ab420f54941b555742d9ac890626|0b00e92d4d6d731fca3059c7cb1e1886""}"
51,260.918260000,[IP REDACTED]:39424,[IP REDACTED],443,public-content-cdn-mariokarttour.akamaized.net,public-content-cdn-mariokarttour.akamaized.net,,TLS1.2,,,0xcca9,dd1cf3704c96ca236a7792f4d1ed50d0,t12d990700_faffc54d2b3b_63157f74ca7a,63743b46235eafbf07950e6fbab70fe4,yes,"{""names(printable|utf8)"": ""DigiCert Inc|DigiCert Global G3 TLS ECC SHA384 2020 CA1|Massachusetts|Cambridge|Akamai Technologies, Inc.|a248.e.akamai.net|DigiCert Inc|www.digicert.com|DigiCert Global Root G3|DigiCert Inc|DigiCert Global G3 TLS ECC SHA384 2020 CA1"", ""SANs"": ""a248.e.akamai.net|*.akamaized.net|*.akamaized-staging.net|*.akamaihd.net|*.akamaihd-staging.net"", ""validity(utc)"": ""2025-12-22 00:00:00 (UTC)|2026-12-22 23:59:59 (UTC)|2021-04-14 00:00:00 (UTC)|2031-04-13 23:59:59 (UTC)"", ""serials"": ""0373ab420f54941b555742d9ac890626|0b00e92d4d6d731fca3059c7cb1e1886""}"
52,260.918392000,[IP REDACTED]:39426,[IP REDACTED],443,public-content-cdn-mariokarttour.akamaized.net,public-content-cdn-mariokarttour.akamaized.net,,TLS1.2,,,0xcca9,dd1cf3704c96ca236a7792f4d1ed50d0,t12d990700_faffc54d2b3b_63157f74ca7a,63743b46235eafbf07950e6fbab70fe4,yes,"{""names(printable|utf8)"": ""DigiCert Inc|DigiCert Global G3 TLS ECC SHA384 2020 CA1|Massachusetts|Cambridge|Akamai Technologies, Inc.|a248.e.akamai.net|DigiCert Inc|www.digicert.com|DigiCert Global Root G3|DigiCert Inc|DigiCert Global G3 TLS ECC SHA384 2020 CA1"", ""SANs"": ""a248.e.akamai.net|*.akamaized.net|*.akamaized-staging.net|*.akamaihd.net|*.akamaihd-staging.net"", ""validity(utc)"": ""2025-12-22 00:00:00 (UTC)|2026-12-22 23:59:59 (UTC)|2021-04-14 00:00:00 (UTC)|2031-04-13 23:59:59 (UTC)"", ""serials"": ""0373ab420f54941b555742d9ac890626|0b00e92d4d6d731fca3059c7cb1e1886""}"
53,260.930465000,[IP REDACTED]:39428,[IP REDACTED],443,public-content-cdn-mariokarttour.akamaized.net,public-content-cdn-mariokarttour.akamaized.net,,TLS1.2,,,0xcca9,dd1cf3704c96ca236a7792f4d1ed50d0,t12d990700_faffc54d2b3b_63157f74ca7a,63743b46235eafbf07950e6fbab70fe4,yes,"{""names(printable|utf8)"": ""DigiCert Inc|DigiCert Global G3 TLS ECC SHA384 2020 CA1|Massachusetts|Cambridge|Akamai Technologies, Inc.|a248.e.akamai.net|DigiCert Inc|www.digicert.com|DigiCert Global Root G3|DigiCert Inc|DigiCert Global G3 TLS ECC SHA384 2020 CA1"", ""SANs"": ""a248.e.akamai.net|*.akamaized.net|*.akamaized-staging.net|*.akamaihd.net|*.akamaihd-staging.net"", ""validity(utc)"": ""2025-12-22 00:00:00 (UTC)|2026-12-22 23:59:59 (UTC)|2021-04-14 00:00:00 (UTC)|2031-04-13 23:59:59 (UTC)"", ""serials"": ""0373ab420f54941b555742d9ac890626|0b00e92d4d6d731fca3059c7cb1e1886""}"
54,260.930748000,[IP REDACTED]:39432,[IP REDACTED],443,public-content-cdn-mariokarttour.akamaized.net,public-content-cdn-mariokarttour.akamaized.net,,TLS1.2,,,0xcca9,dd1cf3704c96ca236a7792f4d1ed50d0,t12d990700_faffc54d2b3b_63157f74ca7a,63743b46235eafbf07950e6fbab70fe4,yes,"{""names(printable|utf8)"": ""DigiCert Inc|DigiCert Global G3 TLS ECC SHA384 2020 CA1|Massachusetts|Cambridge|Akamai Technologies, Inc.|a248.e.akamai.net|DigiCert Inc|www.digicert.com|DigiCert Global Root G3|DigiCert Inc|DigiCert Global G3 TLS ECC SHA384 2020 CA1"", ""SANs"": ""a248.e.akamai.net|*.akamaized.net|*.akamaized-staging.net|*.akamaihd.net|*.akamaihd-staging.net"", ""validity(utc)"": ""2025-12-22 00:00:00 (UTC)|2026-12-22 23:59:59 (UTC)|2021-04-14 00:00:00 (UTC)|2031-04-13 23:59:59 (UTC)"", ""serials"": ""0373ab420f54941b555742d9ac890626|0b00e92d4d6d731fca3059c7cb1e1886""}"
55,260.932272000,[IP REDACTED]:39440,[IP REDACTED],443,public-content-cdn-mariokarttour.akamaized.net,public-content-cdn-mariokarttour.akamaized.net,,TLS1.2,,,0xcca9,dd1cf3704c96ca236a7792f4d1ed50d0,t12d990700_faffc54d2b3b_63157f74ca7a,63743b46235eafbf07950e6fbab70fe4,yes,"{""names(printable|utf8)"": ""DigiCert Inc|DigiCert Global G3 TLS ECC SHA384 2020 CA1|Massachusetts|Cambridge|Akamai Technologies, Inc.|a248.e.akamai.net|DigiCert Inc|www.digicert.com|DigiCert Global Root G3|DigiCert Inc|DigiCert Global G3 TLS ECC SHA384 2020 CA1"", ""SANs"": ""a248.e.akamai.net|*.akamaized.net|*.akamaized-staging.net|*.akamaihd.net|*.akamaihd-staging.net"", ""validity(utc)"": ""2025-12-22 00:00:00 (UTC)|2026-12-22 23:59:59 (UTC)|2021-04-14 00:00:00 (UTC)|2031-04-13 23:59:59 (UTC)"", ""serials"": ""0373ab420f54941b555742d9ac890626|0b00e92d4d6d731fca3059c7cb1e1886""}"
56,260.934098000,[IP REDACTED]:39454,[IP REDACTED],443,public-content-cdn-mariokarttour.akamaized.net,public-content-cdn-mariokarttour.akamaized.net,,TLS1.2,,,0xcca9,dd1cf3704c96ca236a7792f4d1ed50d0,t12d990700_faffc54d2b3b_63157f74ca7a,63743b46235eafbf07950e6fbab70fe4,yes,"{""names(printable|utf8)"": ""DigiCert Inc|DigiCert Global G3 TLS ECC SHA384 2020 CA1|Massachusetts|Cambridge|Akamai Technologies, Inc.|a248.e.akamai.net|DigiCert Inc|www.digicert.com|DigiCert Global Root G3|DigiCert Inc|DigiCert Global G3 TLS ECC SHA384 2020 CA1"", ""SANs"": ""a248.e.akamai.net|*.akamaized.net|*.akamaized-staging.net|*.akamaihd.net|*.akamaihd-staging.net"", ""validity(utc)"": ""2025-12-22 00:00:00 (UTC)|2026-12-22 23:59:59 (UTC)|2021-04-14 00:00:00 (UTC)|2031-04-13 23:59:59 (UTC)"", ""serials"": ""0373ab420f54941b555742d9ac890626|0b00e92d4d6d731fca3059c7cb1e1886""}"
57,261.729267000,[IP REDACTED]:51780,[IP REDACTED],443,api.mariokarttour.com,api.mariokarttour.com,TLS1.3;TLS1.2,TLS1.3,,,0x1301,8a776f8777f7ba2e601f4e4329c4666d,t13d671100_174880dd5333_c50a3655fff1,f4febc55ea12b31ae17cfb7e614afda8,no (TLS1.3 encrypts Certificate),
57,261.745698000,[IP REDACTED]:51780,[IP REDACTED],443,api.mariokarttour.com,api.mariokarttour.com,TLS1.3;TLS1.2,TLS1.3,,,0x1301,8a776f8777f7ba2e601f4e4329c4666d,t13d671100_174880dd5333_c50a3655fff1,f4febc55ea12b31ae17cfb7e614afda8,no (TLS1.3 encrypts Certificate),
58,363.426987000,[IP REDACTED]:49562,[IP REDACTED],443,api.mariokarttour.com,api.mariokarttour.com,TLS1.3;TLS1.2,TLS1.3,,,0x1301,8a776f8777f7ba2e601f4e4329c4666d,t13d671100_174880dd5333_c50a3655fff1,f4febc55ea12b31ae17cfb7e614afda8,no (TLS1.3 encrypts Certificate),
58,363.442760000,[IP REDACTED]:49562,[IP REDACTED],443,api.mariokarttour.com,api.mariokarttour.com,TLS1.3;TLS1.2,TLS1.3,,,0x1301,8a776f8777f7ba2e601f4e4329c4666d,t13d671100_174880dd5333_c50a3655fff1,f4febc55ea12b31ae17cfb7e614afda8,no (TLS1.3 encrypts Certificate),
59,363.500851000,[IP REDACTED]:59974,[IP REDACTED],443,pubsub.googleapis.com,pubsub.googleapis.com,TLS1.3;TLS1.2,TLS1.3,http/1.1,,0x1302,c67e9dc27d283f1f89b4ebb4b4670c21,t13d1713h1_5b57614c22b0_352634941f3a,f590053ff246338aff7c203dbe7164d6,no (TLS1.3 encrypts Certificate),
60,367.340610000,[IP REDACTED]:35142,[IP REDACTED],443,a6913b7b80402974409b47079c29d775.baas.nintendo.com,a6913b7b80402974409b47079c29d775.baas.nintendo.com,TLS1.3;TLS1.2,TLS1.3,http/1.1,,0x1301,c67e9dc27d283f1f89b4ebb4b4670c21,t13d1713h1_5b57614c22b0_352634941f3a,eb1d94daa7e0344597e756a1fb6e7054,no (TLS1.3 encrypts Certificate),
61,368.210866000,[IP REDACTED]:49564,[IP REDACTED],443,api.mariokarttour.com,api.mariokarttour.com,TLS1.3;TLS1.2,TLS1.3,,,0x1301,8a776f8777f7ba2e601f4e4329c4666d,t13d671100_174880dd5333_c50a3655fff1,f4febc55ea12b31ae17cfb7e614afda8,no (TLS1.3 encrypts Certificate),
61,368.229663000,[IP REDACTED]:49564,[IP REDACTED],443,api.mariokarttour.com,api.mariokarttour.com,TLS1.3;TLS1.2,TLS1.3,,,0x1301,8a776f8777f7ba2e601f4e4329c4666d,t13d671100_174880dd5333_c50a3655fff1,f4febc55ea12b31ae17cfb7e614afda8,no (TLS1.3 encrypts Certificate),
62,368.679516000,[IP REDACTED]:49568,[IP REDACTED],443,api.mariokarttour.com,api.mariokarttour.com,TLS1.3;TLS1.2,TLS1.3,,,0x1301,8a776f8777f7ba2e601f4e4329c4666d,t13d671100_174880dd5333_c50a3655fff1,f4febc55ea12b31ae17cfb7e614afda8,no (TLS1.3 encrypts Certificate),
62,368.699949000,[IP REDACTED]:49568,[IP REDACTED],443,api.mariokarttour.com,api.mariokarttour.com,TLS1.3;TLS1.2,TLS1.3,,,0x1301,8a776f8777f7ba2e601f4e4329c4666d,t13d671100_174880dd5333_c50a3655fff1,f4febc55ea12b31ae17cfb7e614afda8,no (TLS1.3 encrypts Certificate),
63,369.076866000,[IP REDACTED]:49572,[IP REDACTED],443,api.mariokarttour.com,api.mariokarttour.com,TLS1.3;TLS1.2,TLS1.3,,,0x1301,8a776f8777f7ba2e601f4e4329c4666d,t13d671100_174880dd5333_c50a3655fff1,f4febc55ea12b31ae17cfb7e614afda8,no (TLS1.3 encrypts Certificate),
63,369.092946000,[IP REDACTED]:49572,[IP REDACTED],443,api.mariokarttour.com,api.mariokarttour.com,TLS1.3;TLS1.2,TLS1.3,,,0x1301,8a776f8777f7ba2e601f4e4329c4666d,t13d671100_174880dd5333_c50a3655fff1,f4febc55ea12b31ae17cfb7e614afda8,no (TLS1.3 encrypts Certificate),
64,387.823941000,[IP REDACTED]:57914,[IP REDACTED],443,api.mariokarttour.com,api.mariokarttour.com,TLS1.3;TLS1.2,TLS1.3,,,0x1301,8a776f8777f7ba2e601f4e4329c4666d,t13d671100_174880dd5333_c50a3655fff1,f4febc55ea12b31ae17cfb7e614afda8,no (TLS1.3 encrypts Certificate),
64,387.845179000,[IP REDACTED]:57914,[IP REDACTED],443,api.mariokarttour.com,api.mariokarttour.com,TLS1.3;TLS1.2,TLS1.3,,,0x1301,8a776f8777f7ba2e601f4e4329c4666d,t13d671100_174880dd5333_c50a3655fff1,f4febc55ea12b31ae17cfb7e614afda8,no (TLS1.3 encrypts Certificate),
65,388.345464000,[IP REDACTED]:57918,[IP REDACTED],443,api.mariokarttour.com,api.mariokarttour.com,TLS1.3;TLS1.2,TLS1.3,,,0x1301,8a776f8777f7ba2e601f4e4329c4666d,t13d671100_174880dd5333_c50a3655fff1,f4febc55ea12b31ae17cfb7e614afda8,no (TLS1.3 encrypts Certificate),
65,388.368950000,[IP REDACTED]:57918,[IP REDACTED],443,api.mariokarttour.com,api.mariokarttour.com,TLS1.3;TLS1.2,TLS1.3,,,0x1301,8a776f8777f7ba2e601f4e4329c4666d,t13d671100_174880dd5333_c50a3655fff1,f4febc55ea12b31ae17cfb7e614afda8,no (TLS1.3 encrypts Certificate),
66,388.910495000,[IP REDACTED]:57928,[IP REDACTED],443,api.mariokarttour.com,api.mariokarttour.com,TLS1.3;TLS1.2,TLS1.3,,,0x1301,8a776f8777f7ba2e601f4e4329c4666d,t13d671100_174880dd5333_c50a3655fff1,f4febc55ea12b31ae17cfb7e614afda8,no (TLS1.3 encrypts Certificate),
66,388.929118000,[IP REDACTED]:57928,[IP REDACTED],443,api.mariokarttour.com,api.mariokarttour.com,TLS1.3;TLS1.2,TLS1.3,,,0x1301,8a776f8777f7ba2e601f4e4329c4666d,t13d671100_174880dd5333_c50a3655fff1,f4febc55ea12b31ae17cfb7e614afda8,no (TLS1.3 encrypts Certificate),
67,389.321081000,[IP REDACTED]:57936,[IP REDACTED],443,api.mariokarttour.com,api.mariokarttour.com,TLS1.3;TLS1.2,TLS1.3,,,0x1301,8a776f8777f7ba2e601f4e4329c4666d,t13d671100_174880dd5333_c50a3655fff1,f4febc55ea12b31ae17cfb7e614afda8,no (TLS1.3 encrypts Certificate),
67,389.345092000,[IP REDACTED]:57936,[IP REDACTED],443,api.mariokarttour.com,api.mariokarttour.com,TLS1.3;TLS1.2,TLS1.3,,,0x1301,8a776f8777f7ba2e601f4e4329c4666d,t13d671100_174880dd5333_c50a3655fff1,f4febc55ea12b31ae17cfb7e614afda8,no (TLS1.3 encrypts Certificate),
68,390.524214000,[IP REDACTED]:57942,[IP REDACTED],443,api.mariokarttour.com,api.mariokarttour.com,TLS1.3;TLS1.2,TLS1.3,,,0x1301,8a776f8777f7ba2e601f4e4329c4666d,t13d671100_174880dd5333_c50a3655fff1,f4febc55ea12b31ae17cfb7e614afda8,no (TLS1.3 encrypts Certificate),
68,390.540911000,[IP REDACTED]:57942,[IP REDACTED],443,api.mariokarttour.com,api.mariokarttour.com,TLS1.3;TLS1.2,TLS1.3,,,0x1301,8a776f8777f7ba2e601f4e4329c4666d,t13d671100_174880dd5333_c50a3655fff1,f4febc55ea12b31ae17cfb7e614afda8,no (TLS1.3 encrypts Certificate),
69,404.553549000,[IP REDACTED]:60642,[IP REDACTED],443,api.mariokarttour.com,api.mariokarttour.com,TLS1.3;TLS1.2,TLS1.3,,,0x1301,8a776f8777f7ba2e601f4e4329c4666d,t13d671100_174880dd5333_c50a3655fff1,f4febc55ea12b31ae17cfb7e614afda8,no (TLS1.3 encrypts Certificate),
69,404.576982000,[IP REDACTED]:60642,[IP REDACTED],443,api.mariokarttour.com,api.mariokarttour.com,TLS1.3;TLS1.2,TLS1.3,,,0x1301,8a776f8777f7ba2e601f4e4329c4666d,t13d671100_174880dd5333_c50a3655fff1,f4febc55ea12b31ae17cfb7e614afda8,no (TLS1.3 encrypts Certificate),
70,414.861670000,[IP REDACTED]:35582,[IP REDACTED],443,api.mariokarttour.com,api.mariokarttour.com,TLS1.3;TLS1.2,TLS1.3,,,0x1301,8a776f8777f7ba2e601f4e4329c4666d,t13d671100_174880dd5333_c50a3655fff1,f4febc55ea12b31ae17cfb7e614afda8,no (TLS1.3 encrypts Certificate),
70,414.879051000,[IP REDACTED]:35582,[IP REDACTED],443,api.mariokarttour.com,api.mariokarttour.com,TLS1.3;TLS1.2,TLS1.3,,,0x1301,8a776f8777f7ba2e601f4e4329c4666d,t13d671100_174880dd5333_c50a3655fff1,f4febc55ea12b31ae17cfb7e614afda8,no (TLS1.3 encrypts Certificate),
71,416.796300000,[IP REDACTED]:35598,[IP REDACTED],443,api.mariokarttour.com,api.mariokarttour.com,TLS1.3;TLS1.2,TLS1.3,,,0x1301,8a776f8777f7ba2e601f4e4329c4666d,t13d671100_174880dd5333_c50a3655fff1,f4febc55ea12b31ae17cfb7e614afda8,no (TLS1.3 encrypts Certificate),
71,416.815579000,[IP REDACTED]:35598,[IP REDACTED],443,api.mariokarttour.com,api.mariokarttour.com,TLS1.3;TLS1.2,TLS1.3,,,0x1301,8a776f8777f7ba2e601f4e4329c4666d,t13d671100_174880dd5333_c50a3655fff1,f4febc55ea12b31ae17cfb7e614afda8,no (TLS1.3 encrypts Certificate),
72,417.255555000,[IP REDACTED]:55090,[IP REDACTED],443,public-content-cdn-mariokarttour.akamaized.net,public-content-cdn-mariokarttour.akamaized.net,,TLS1.2,,,0xcca9,dd1cf3704c96ca236a7792f4d1ed50d0,t12d990700_faffc54d2b3b_63157f74ca7a,63743b46235eafbf07950e6fbab70fe4,yes,"{""names(printable|utf8)"": ""DigiCert Inc|DigiCert Global G3 TLS ECC SHA384 2020 CA1|Massachusetts|Cambridge|Akamai Technologies, Inc.|a248.e.akamai.net|DigiCert Inc|www.digicert.com|DigiCert Global Root G3|DigiCert Inc|DigiCert Global G3 TLS ECC SHA384 2020 CA1"", ""SANs"": ""a248.e.akamai.net|*.akamaized.net|*.akamaized-staging.net|*.akamaihd.net|*.akamaihd-staging.net"", ""validity(utc)"": ""2025-12-22 00:00:00 (UTC)|2026-12-22 23:59:59 (UTC)|2021-04-14 00:00:00 (UTC)|2031-04-13 23:59:59 (UTC)"", ""serials"": ""0373ab420f54941b555742d9ac890626|0b00e92d4d6d731fca3059c7cb1e1886""}"
73,417.257186000,[IP REDACTED]:55096,[IP REDACTED],443,public-content-cdn-mariokarttour.akamaized.net,public-content-cdn-mariokarttour.akamaized.net,,TLS1.2,,,0xcca9,dd1cf3704c96ca236a7792f4d1ed50d0,t12d990700_faffc54d2b3b_63157f74ca7a,63743b46235eafbf07950e6fbab70fe4,yes,"{""names(printable|utf8)"": ""DigiCert Inc|DigiCert Global G3 TLS ECC SHA384 2020 CA1|Massachusetts|Cambridge|Akamai Technologies, Inc.|a248.e.akamai.net|DigiCert Inc|www.digicert.com|DigiCert Global Root G3|DigiCert Inc|DigiCert Global G3 TLS ECC SHA384 2020 CA1"", ""SANs"": ""a248.e.akamai.net|*.akamaized.net|*.akamaized-staging.net|*.akamaihd.net|*.akamaihd-staging.net"", ""validity(utc)"": ""2025-12-22 00:00:00 (UTC)|2026-12-22 23:59:59 (UTC)|2021-04-14 00:00:00 (UTC)|2031-04-13 23:59:59 (UTC)"", ""serials"": ""0373ab420f54941b555742d9ac890626|0b00e92d4d6d731fca3059c7cb1e1886""}"
74,417.258072000,[IP REDACTED]:55102,[IP REDACTED],443,public-content-cdn-mariokarttour.akamaized.net,public-content-cdn-mariokarttour.akamaized.net,,TLS1.2,,,0xcca9,dd1cf3704c96ca236a7792f4d1ed50d0,t12d990700_faffc54d2b3b_63157f74ca7a,63743b46235eafbf07950e6fbab70fe4,yes,"{""names(printable|utf8)"": ""DigiCert Inc|DigiCert Global G3 TLS ECC SHA384 2020 CA1|Massachusetts|Cambridge|Akamai Technologies, Inc.|a248.e.akamai.net|DigiCert Inc|www.digicert.com|DigiCert Global Root G3|DigiCert Inc|DigiCert Global G3 TLS ECC SHA384 2020 CA1"", ""SANs"": ""a248.e.akamai.net|*.akamaized.net|*.akamaized-staging.net|*.akamaihd.net|*.akamaihd-staging.net"", ""validity(utc)"": ""2025-12-22 00:00:00 (UTC)|2026-12-22 23:59:59 (UTC)|2021-04-14 00:00:00 (UTC)|2031-04-13 23:59:59 (UTC)"", ""serials"": ""0373ab420f54941b555742d9ac890626|0b00e92d4d6d731fca3059c7cb1e1886""}"
75,417.263960000,[IP REDACTED]:55116,[IP REDACTED],443,public-content-cdn-mariokarttour.akamaized.net,public-content-cdn-mariokarttour.akamaized.net,,TLS1.2,,,0xcca9,dd1cf3704c96ca236a7792f4d1ed50d0,t12d990700_faffc54d2b3b_63157f74ca7a,63743b46235eafbf07950e6fbab70fe4,yes,"{""names(printable|utf8)"": ""DigiCert Inc|DigiCert Global G3 TLS ECC SHA384 2020 CA1|Massachusetts|Cambridge|Akamai Technologies, Inc.|a248.e.akamai.net|DigiCert Inc|www.digicert.com|DigiCert Global Root G3|DigiCert Inc|DigiCert Global G3 TLS ECC SHA384 2020 CA1"", ""SANs"": ""a248.e.akamai.net|*.akamaized.net|*.akamaized-staging.net|*.akamaihd.net|*.akamaihd-staging.net"", ""validity(utc)"": ""2025-12-22 00:00:00 (UTC)|2026-12-22 23:59:59 (UTC)|2021-04-14 00:00:00 (UTC)|2031-04-13 23:59:59 (UTC)"", ""serials"": ""0373ab420f54941b555742d9ac890626|0b00e92d4d6d731fca3059c7cb1e1886""}"
76,417.264121000,[IP REDACTED]:55126,[IP REDACTED],443,public-content-cdn-mariokarttour.akamaized.net,public-content-cdn-mariokarttour.akamaized.net,,TLS1.2,,,0xcca9,dd1cf3704c96ca236a7792f4d1ed50d0,t12d990700_faffc54d2b3b_63157f74ca7a,63743b46235eafbf07950e6fbab70fe4,yes,"{""names(printable|utf8)"": ""DigiCert Inc|DigiCert Global G3 TLS ECC SHA384 2020 CA1|Massachusetts|Cambridge|Akamai Technologies, Inc.|a248.e.akamai.net|DigiCert Inc|www.digicert.com|DigiCert Global Root G3|DigiCert Inc|DigiCert Global G3 TLS ECC SHA384 2020 CA1"", ""SANs"": ""a248.e.akamai.net|*.akamaized.net|*.akamaized-staging.net|*.akamaihd.net|*.akamaihd-staging.net"", ""validity(utc)"": ""2025-12-22 00:00:00 (UTC)|2026-12-22 23:59:59 (UTC)|2021-04-14 00:00:00 (UTC)|2031-04-13 23:59:59 (UTC)"", ""serials"": ""0373ab420f54941b555742d9ac890626|0b00e92d4d6d731fca3059c7cb1e1886""}"
77,417.270134000,[IP REDACTED]:55140,[IP REDACTED],443,public-content-cdn-mariokarttour.akamaized.net,public-content-cdn-mariokarttour.akamaized.net,,TLS1.2,,,0xcca9,dd1cf3704c96ca236a7792f4d1ed50d0,t12d990700_faffc54d2b3b_63157f74ca7a,63743b46235eafbf07950e6fbab70fe4,yes,"{""names(printable|utf8)"": ""DigiCert Inc|DigiCert Global G3 TLS ECC SHA384 2020 CA1|Massachusetts|Cambridge|Akamai Technologies, Inc.|a248.e.akamai.net|DigiCert Inc|www.digicert.com|DigiCert Global Root G3|DigiCert Inc|DigiCert Global G3 TLS ECC SHA384 2020 CA1"", ""SANs"": ""a248.e.akamai.net|*.akamaized.net|*.akamaized-staging.net|*.akamaihd.net|*.akamaihd-staging.net"", ""validity(utc)"": ""2025-12-22 00:00:00 (UTC)|2026-12-22 23:59:59 (UTC)|2021-04-14 00:00:00 (UTC)|2031-04-13 23:59:59 (UTC)"", ""serials"": ""0373ab420f54941b555742d9ac890626|0b00e92d4d6d731fca3059c7cb1e1886""}"
78,417.273172000,[IP REDACTED]:55144,[IP REDACTED],443,public-content-cdn-mariokarttour.akamaized.net,public-content-cdn-mariokarttour.akamaized.net,,TLS1.2,,,0xcca9,dd1cf3704c96ca236a7792f4d1ed50d0,t12d990700_faffc54d2b3b_63157f74ca7a,63743b46235eafbf07950e6fbab70fe4,yes,"{""names(printable|utf8)"": ""DigiCert Inc|DigiCert Global G3 TLS ECC SHA384 2020 CA1|Massachusetts|Cambridge|Akamai Technologies, Inc.|a248.e.akamai.net|DigiCert Inc|www.digicert.com|DigiCert Global Root G3|DigiCert Inc|DigiCert Global G3 TLS ECC SHA384 2020 CA1"", ""SANs"": ""a248.e.akamai.net|*.akamaized.net|*.akamaized-staging.net|*.akamaihd.net|*.akamaihd-staging.net"", ""validity(utc)"": ""2025-12-22 00:00:00 (UTC)|2026-12-22 23:59:59 (UTC)|2021-04-14 00:00:00 (UTC)|2031-04-13 23:59:59 (UTC)"", ""serials"": ""0373ab420f54941b555742d9ac890626|0b00e92d4d6d731fca3059c7cb1e1886""}"
79,417.960594000,[IP REDACTED]:35614,[IP REDACTED],443,api.mariokarttour.com,api.mariokarttour.com,TLS1.3;TLS1.2,TLS1.3,,,0x1301,8a776f8777f7ba2e601f4e4329c4666d,t13d671100_174880dd5333_c50a3655fff1,f4febc55ea12b31ae17cfb7e614afda8,no (TLS1.3 encrypts Certificate),
79,417.986135000,[IP REDACTED]:35614,[IP REDACTED],443,api.mariokarttour.com,api.mariokarttour.com,TLS1.3;TLS1.2,TLS1.3,,,0x1301,8a776f8777f7ba2e601f4e4329c4666d,t13d671100_174880dd5333_c50a3655fff1,f4febc55ea12b31ae17cfb7e614afda8,no (TLS1.3 encrypts Certificate),
80,547.377098000,[IP REDACTED]:35866,[IP REDACTED],443,a6913b7b80402974409b47079c29d775.baas.nintendo.com,a6913b7b80402974409b47079c29d775.baas.nintendo.com,TLS1.3;TLS1.2,TLS1.3,http/1.1,,0x1301,c67e9dc27d283f1f89b4ebb4b4670c21,t13d1713h1_5b57614c22b0_352634941f3a,2b0648ab686ee45e0e7c35fcfb0eea7e,no (TLS1.3 encrypts Certificate),
81,547.446108000,[IP REDACTED]:53160,[IP REDACTED],443,firebaselogging.googleapis.com,firebaselogging.googleapis.com,TLS1.3;TLS1.2,TLS1.3,http/1.1,,0x1302,9b02ebd3a43b62d825e1ac605b621dc8,t13d1713h1_5b57614c22b0_eca864cca44a,907bf3ecef1c987c889946b737b43de8,no (TLS1.3 encrypts Certificate),
82,570.301355000,[IP REDACTED]:58836,[IP REDACTED],443,api.mariokarttour.com,api.mariokarttour.com,TLS1.3;TLS1.2,TLS1.3,,,0x1301,8a776f8777f7ba2e601f4e4329c4666d,t13d671100_174880dd5333_c50a3655fff1,f4febc55ea12b31ae17cfb7e614afda8,no (TLS1.3 encrypts Certificate),
83,570.322547000,[IP REDACTED]:54374,[IP REDACTED],443,pubsub.googleapis.com,pubsub.googleapis.com,TLS1.3;TLS1.2,TLS1.3,http/1.1,,0x1302,c67e9dc27d283f1f89b4ebb4b4670c21,t13d1713h1_5b57614c22b0_352634941f3a,f590053ff246338aff7c203dbe7164d6,no (TLS1.3 encrypts Certificate),
82,570.323834000,[IP REDACTED]:58836,[IP REDACTED],443,api.mariokarttour.com,api.mariokarttour.com,TLS1.3;TLS1.2,TLS1.3,,,0x1301,8a776f8777f7ba2e601f4e4329c4666d,t13d671100_174880dd5333_c50a3655fff1,f4febc55ea12b31ae17cfb7e614afda8,no (TLS1.3 encrypts Certificate),
84,575.076166000,[IP REDACTED]:59926,[IP REDACTED],443,api.mariokarttour.com,api.mariokarttour.com,TLS1.3;TLS1.2,TLS1.3,,,0x1301,8a776f8777f7ba2e601f4e4329c4666d,t13d671100_174880dd5333_c50a3655fff1,f4febc55ea12b31ae17cfb7e614afda8,no (TLS1.3 encrypts Certificate),
84,575.093863000,[IP REDACTED]:59926,[IP REDACTED],443,api.mariokarttour.com,api.mariokarttour.com,TLS1.3;TLS1.2,TLS1.3,,,0x1301,8a776f8777f7ba2e601f4e4329c4666d,t13d671100_174880dd5333_c50a3655fff1,f4febc55ea12b31ae17cfb7e614afda8,no (TLS1.3 encrypts Certificate),
85,575.536371000,[IP REDACTED]:59928,[IP REDACTED],443,api.mariokarttour.com,api.mariokarttour.com,TLS1.3;TLS1.2,TLS1.3,,,0x1301,8a776f8777f7ba2e601f4e4329c4666d,t13d671100_174880dd5333_c50a3655fff1,f4febc55ea12b31ae17cfb7e614afda8,no (TLS1.3 encrypts Certificate),
85,575.557351000,[IP REDACTED]:59928,[IP REDACTED],443,api.mariokarttour.com,api.mariokarttour.com,TLS1.3;TLS1.2,TLS1.3,,,0x1301,8a776f8777f7ba2e601f4e4329c4666d,t13d671100_174880dd5333_c50a3655fff1,f4febc55ea12b31ae17cfb7e614afda8,no (TLS1.3 encrypts Certificate),
86,575.932573000,[IP REDACTED]:59942,[IP REDACTED],443,api.mariokarttour.com,api.mariokarttour.com,TLS1.3;TLS1.2,TLS1.3,,,0x1301,8a776f8777f7ba2e601f4e4329c4666d,t13d671100_174880dd5333_c50a3655fff1,f4febc55ea12b31ae17cfb7e614afda8,no (TLS1.3 encrypts Certificate),
86,575.955495000,[IP REDACTED]:59942,[IP REDACTED],443,api.mariokarttour.com,api.mariokarttour.com,TLS1.3;TLS1.2,TLS1.3,,,0x1301,8a776f8777f7ba2e601f4e4329c4666d,t13d671100_174880dd5333_c50a3655fff1,f4febc55ea12b31ae17cfb7e614afda8,no (TLS1.3 encrypts Certificate),
87,589.780803000,[IP REDACTED]:53900,[IP REDACTED],443,api.mariokarttour.com,api.mariokarttour.com,TLS1.3;TLS1.2,TLS1.3,,,0x1301,8a776f8777f7ba2e601f4e4329c4666d,t13d671100_174880dd5333_c50a3655fff1,f4febc55ea12b31ae17cfb7e614afda8,no (TLS1.3 encrypts Certificate),
87,589.800201000,[IP REDACTED]:53900,[IP REDACTED],443,api.mariokarttour.com,api.mariokarttour.com,TLS1.3;TLS1.2,TLS1.3,,,0x1301,8a776f8777f7ba2e601f4e4329c4666d,t13d671100_174880dd5333_c50a3655fff1,f4febc55ea12b31ae17cfb7e614afda8,no (TLS1.3 encrypts Certificate),
88,592.742780000,[IP REDACTED]:42048,[IP REDACTED],443,api.mariokarttour.com,api.mariokarttour.com,TLS1.3;TLS1.2,TLS1.3,,,0x1301,8a776f8777f7ba2e601f4e4329c4666d,t13d671100_174880dd5333_c50a3655fff1,f4febc55ea12b31ae17cfb7e614afda8,no (TLS1.3 encrypts Certificate),
88,592.766823000,[IP REDACTED]:42048,[IP REDACTED],443,api.mariokarttour.com,api.mariokarttour.com,TLS1.3;TLS1.2,TLS1.3,,,0x1301,8a776f8777f7ba2e601f4e4329c4666d,t13d671100_174880dd5333_c50a3655fff1,f4febc55ea12b31ae17cfb7e614afda8,no (TLS1.3 encrypts Certificate),
89,665.117755000,[IP REDACTED]:55214,[IP REDACTED],443,api.mariokarttour.com,api.mariokarttour.com,TLS1.3;TLS1.2,TLS1.3,,,0x1301,8a776f8777f7ba2e601f4e4329c4666d,t13d671100_174880dd5333_c50a3655fff1,f4febc55ea12b31ae17cfb7e614afda8,no (TLS1.3 encrypts Certificate),
89,665.139420000,[IP REDACTED]:55214,[IP REDACTED],443,api.mariokarttour.com,api.mariokarttour.com,TLS1.3;TLS1.2,TLS1.3,,,0x1301,8a776f8777f7ba2e601f4e4329c4666d,t13d671100_174880dd5333_c50a3655fff1,f4febc55ea12b31ae17cfb7e614afda8,no (TLS1.3 encrypts Certificate),
90,665.164266000,[IP REDACTED]:55220,[IP REDACTED],443,api.mariokarttour.com,api.mariokarttour.com,TLS1.3;TLS1.2,TLS1.3,,,0x1301,8a776f8777f7ba2e601f4e4329c4666d,t13d671100_174880dd5333_c50a3655fff1,f4febc55ea12b31ae17cfb7e614afda8,no (TLS1.3 encrypts Certificate),
90,665.180533000,[IP REDACTED]:55220,[IP REDACTED],443,api.mariokarttour.com,api.mariokarttour.com,TLS1.3;TLS1.2,TLS1.3,,,0x1301,8a776f8777f7ba2e601f4e4329c4666d,t13d671100_174880dd5333_c50a3655fff1,f4febc55ea12b31ae17cfb7e614afda8,no (TLS1.3 encrypts Certificate),
91,665.700621000,[IP REDACTED]:55224,[IP REDACTED],443,api.mariokarttour.com,api.mariokarttour.com,TLS1.3;TLS1.2,TLS1.3,,,0x1301,8a776f8777f7ba2e601f4e4329c4666d,t13d671100_174880dd5333_c50a3655fff1,f4febc55ea12b31ae17cfb7e614afda8,no (TLS1.3 encrypts Certificate),
91,665.718665000,[IP REDACTED]:55224,[IP REDACTED],443,api.mariokarttour.com,api.mariokarttour.com,TLS1.3;TLS1.2,TLS1.3,,,0x1301,8a776f8777f7ba2e601f4e4329c4666d,t13d671100_174880dd5333_c50a3655fff1,f4febc55ea12b31ae17cfb7e614afda8,no (TLS1.3 encrypts Certificate),
92,666.196412000,[IP REDACTED]:46568,[IP REDACTED],443,pubsub.googleapis.com,pubsub.googleapis.com,TLS1.3;TLS1.2,TLS1.3,http/1.1,,0x1302,c67e9dc27d283f1f89b4ebb4b4670c21,t13d1713h1_5b57614c22b0_352634941f3a,f590053ff246338aff7c203dbe7164d6,no (TLS1.3 encrypts Certificate),
93,669.325216000,[IP REDACTED]:55226,[IP REDACTED],443,api.mariokarttour.com,api.mariokarttour.com,TLS1.3;TLS1.2,TLS1.3,,,0x1301,8a776f8777f7ba2e601f4e4329c4666d,t13d671100_174880dd5333_c50a3655fff1,f4febc55ea12b31ae17cfb7e614afda8,no (TLS1.3 encrypts Certificate),
93,669.344171000,[IP REDACTED]:55226,[IP REDACTED],443,api.mariokarttour.com,api.mariokarttour.com,TLS1.3;TLS1.2,TLS1.3,,,0x1301,8a776f8777f7ba2e601f4e4329c4666d,t13d671100_174880dd5333_c50a3655fff1,f4febc55ea12b31ae17cfb7e614afda8,no (TLS1.3 encrypts Certificate),
94,669.813066000,[IP REDACTED]:55238,[IP REDACTED],443,api.mariokarttour.com,api.mariokarttour.com,TLS1.3;TLS1.2,TLS1.3,,,0x1301,8a776f8777f7ba2e601f4e4329c4666d,t13d671100_174880dd5333_c50a3655fff1,f4febc55ea12b31ae17cfb7e614afda8,no (TLS1.3 encrypts Certificate),
94,669.833363000,[IP REDACTED]:55238,[IP REDACTED],443,api.mariokarttour.com,api.mariokarttour.com,TLS1.3;TLS1.2,TLS1.3,,,0x1301,8a776f8777f7ba2e601f4e4329c4666d,t13d671100_174880dd5333_c50a3655fff1,f4febc55ea12b31ae17cfb7e614afda8,no (TLS1.3 encrypts Certificate),
95,670.350821000,[IP REDACTED]:55246,[IP REDACTED],443,api.mariokarttour.com,api.mariokarttour.com,TLS1.3;TLS1.2,TLS1.3,,,0x1301,8a776f8777f7ba2e601f4e4329c4666d,t13d671100_174880dd5333_c50a3655fff1,f4febc55ea12b31ae17cfb7e614afda8,no (TLS1.3 encrypts Certificate),
95,670.367319000,[IP REDACTED]:55246,[IP REDACTED],443,api.mariokarttour.com,api.mariokarttour.com,TLS1.3;TLS1.2,TLS1.3,,,0x1301,8a776f8777f7ba2e601f4e4329c4666d,t13d671100_174880dd5333_c50a3655fff1,f4febc55ea12b31ae17cfb7e614afda8,no (TLS1.3 encrypts Certificate),
96,670.836406000,[IP REDACTED]:55254,[IP REDACTED],443,api.mariokarttour.com,api.mariokarttour.com,TLS1.3;TLS1.2,TLS1.3,,,0x1301,8a776f8777f7ba2e601f4e4329c4666d,t13d671100_174880dd5333_c50a3655fff1,f4febc55ea12b31ae17cfb7e614afda8,no (TLS1.3 encrypts Certificate),
96,670.853872000,[IP REDACTED]:55254,[IP REDACTED],443,api.mariokarttour.com,api.mariokarttour.com,TLS1.3;TLS1.2,TLS1.3,,,0x1301,8a776f8777f7ba2e601f4e4329c4666d,t13d671100_174880dd5333_c50a3655fff1,f4febc55ea12b31ae17cfb7e614afda8,no (TLS1.3 encrypts Certificate),
97,674.391179000,[IP REDACTED]:51730,[IP REDACTED],443,api.mariokarttour.com,api.mariokarttour.com,TLS1.3;TLS1.2,TLS1.3,,,0x1301,8a776f8777f7ba2e601f4e4329c4666d,t13d671100_174880dd5333_c50a3655fff1,f4febc55ea12b31ae17cfb7e614afda8,no (TLS1.3 encrypts Certificate),
97,674.410005000,[IP REDACTED]:51730,[IP REDACTED],443,api.mariokarttour.com,api.mariokarttour.com,TLS1.3;TLS1.2,TLS1.3,,,0x1301,8a776f8777f7ba2e601f4e4329c4666d,t13d671100_174880dd5333_c50a3655fff1,f4febc55ea12b31ae17cfb7e614afda8,no (TLS1.3 encrypts Certificate),
98,674.851734000,[IP REDACTED]:51746,[IP REDACTED],443,api.mariokarttour.com,api.mariokarttour.com,TLS1.3;TLS1.2,TLS1.3,,,0x1301,8a776f8777f7ba2e601f4e4329c4666d,t13d671100_174880dd5333_c50a3655fff1,f4febc55ea12b31ae17cfb7e614afda8,no (TLS1.3 encrypts Certificate),
98,674.869151000,[IP REDACTED]:51746,[IP REDACTED],443,api.mariokarttour.com,api.mariokarttour.com,TLS1.3;TLS1.2,TLS1.3,,,0x1301,8a776f8777f7ba2e601f4e4329c4666d,t13d671100_174880dd5333_c50a3655fff1,f4febc55ea12b31ae17cfb7e614afda8,no (TLS1.3 encrypts Certificate),
99,675.333884000,[IP REDACTED]:51758,[IP REDACTED],443,api.mariokarttour.com,api.mariokarttour.com,TLS1.3;TLS1.2,TLS1.3,,,0x1301,8a776f8777f7ba2e601f4e4329c4666d,t13d671100_174880dd5333_c50a3655fff1,f4febc55ea12b31ae17cfb7e614afda8,no (TLS1.3 encrypts Certificate),
99,675.350102000,[IP REDACTED]:51758,[IP REDACTED],443,api.mariokarttour.com,api.mariokarttour.com,TLS1.3;TLS1.2,TLS1.3,,,0x1301,8a776f8777f7ba2e601f4e4329c4666d,t13d671100_174880dd5333_c50a3655fff1,f4febc55ea12b31ae17cfb7e614afda8,no (TLS1.3 encrypts Certificate),
100,675.770472000,[IP REDACTED]:51764,[IP REDACTED],443,api.mariokarttour.com,api.mariokarttour.com,TLS1.3;TLS1.2,TLS1.3,,,0x1301,8a776f8777f7ba2e601f4e4329c4666d,t13d671100_174880dd5333_c50a3655fff1,f4febc55ea12b31ae17cfb7e614afda8,no (TLS1.3 encrypts Certificate),
100,675.788625000,[IP REDACTED]:51764,[IP REDACTED],443,api.mariokarttour.com,api.mariokarttour.com,TLS1.3;TLS1.2,TLS1.3,,,0x1301,8a776f8777f7ba2e601f4e4329c4666d,t13d671100_174880dd5333_c50a3655fff1,f4febc55ea12b31ae17cfb7e614afda8,no (TLS1.3 encrypts Certificate),
101,685.740066000,[IP REDACTED]:35702,[IP REDACTED],443,api.mariokarttour.com,api.mariokarttour.com,TLS1.3;TLS1.2,TLS1.3,,,0x1301,8a776f8777f7ba2e601f4e4329c4666d,t13d671100_174880dd5333_c50a3655fff1,f4febc55ea12b31ae17cfb7e614afda8,no (TLS1.3 encrypts Certificate),
101,685.759289000,[IP REDACTED]:35702,[IP REDACTED],443,api.mariokarttour.com,api.mariokarttour.com,TLS1.3;TLS1.2,TLS1.3,,,0x1301,8a776f8777f7ba2e601f4e4329c4666d,t13d671100_174880dd5333_c50a3655fff1,f4febc55ea12b31ae17cfb7e614afda8,no (TLS1.3 encrypts Certificate),
102,688.332857000,[IP REDACTED]:35706,[IP REDACTED],443,api.mariokarttour.com,api.mariokarttour.com,TLS1.3;TLS1.2,TLS1.3,,,0x1301,8a776f8777f7ba2e601f4e4329c4666d,t13d671100_174880dd5333_c50a3655fff1,f4febc55ea12b31ae17cfb7e614afda8,no (TLS1.3 encrypts Certificate),
102,688.352016000,[IP REDACTED]:35706,[IP REDACTED],443,api.mariokarttour.com,api.mariokarttour.com,TLS1.3;TLS1.2,TLS1.3,,,0x1301,8a776f8777f7ba2e601f4e4329c4666d,t13d671100_174880dd5333_c50a3655fff1,f4febc55ea12b31ae17cfb7e614afda8,no (TLS1.3 encrypts Certificate),
103,688.838297000,[IP REDACTED]:35718,[IP REDACTED],443,api.mariokarttour.com,api.mariokarttour.com,TLS1.3;TLS1.2,TLS1.3,,,0x1301,8a776f8777f7ba2e601f4e4329c4666d,t13d671100_174880dd5333_c50a3655fff1,f4febc55ea12b31ae17cfb7e614afda8,no (TLS1.3 encrypts Certificate),
103,688.857230000,[IP REDACTED]:35718,[IP REDACTED],443,api.mariokarttour.com,api.mariokarttour.com,TLS1.3;TLS1.2,TLS1.3,,,0x1301,8a776f8777f7ba2e601f4e4329c4666d,t13d671100_174880dd5333_c50a3655fff1,f4febc55ea12b31ae17cfb7e614afda8,no (TLS1.3 encrypts Certificate),
104,689.286147000,[IP REDACTED]:35734,[IP REDACTED],443,api.mariokarttour.com,api.mariokarttour.com,TLS1.3;TLS1.2,TLS1.3,,,0x1301,8a776f8777f7ba2e601f4e4329c4666d,t13d671100_174880dd5333_c50a3655fff1,f4febc55ea12b31ae17cfb7e614afda8,no (TLS1.3 encrypts Certificate),
104,689.308615000,[IP REDACTED]:35734,[IP REDACTED],443,api.mariokarttour.com,api.mariokarttour.com,TLS1.3;TLS1.2,TLS1.3,,,0x1301,8a776f8777f7ba2e601f4e4329c4666d,t13d671100_174880dd5333_c50a3655fff1,f4febc55ea12b31ae17cfb7e614afda8,no (TLS1.3 encrypts Certificate),
105,695.452502000,[IP REDACTED]:37976,[IP REDACTED],443,api.mariokarttour.com,api.mariokarttour.com,TLS1.3;TLS1.2,TLS1.3,,,0x1301,8a776f8777f7ba2e601f4e4329c4666d,t13d671100_174880dd5333_c50a3655fff1,f4febc55ea12b31ae17cfb7e614afda8,no (TLS1.3 encrypts Certificate),
105,695.472862000,[IP REDACTED]:37976,[IP REDACTED],443,api.mariokarttour.com,api.mariokarttour.com,TLS1.3;TLS1.2,TLS1.3,,,0x1301,8a776f8777f7ba2e601f4e4329c4666d,t13d671100_174880dd5333_c50a3655fff1,f4febc55ea12b31ae17cfb7e614afda8,no (TLS1.3 encrypts Certificate),
106,707.462044000,[IP REDACTED]:36902,[IP REDACTED],443,api.mariokarttour.com,api.mariokarttour.com,TLS1.3;TLS1.2,TLS1.3,,,0x1301,8a776f8777f7ba2e601f4e4329c4666d,t13d671100_174880dd5333_c50a3655fff1,f4febc55ea12b31ae17cfb7e614afda8,no (TLS1.3 encrypts Certificate),
106,707.484708000,[IP REDACTED]:36902,[IP REDACTED],443,api.mariokarttour.com,api.mariokarttour.com,TLS1.3;TLS1.2,TLS1.3,,,0x1301,8a776f8777f7ba2e601f4e4329c4666d,t13d671100_174880dd5333_c50a3655fff1,f4febc55ea12b31ae17cfb7e614afda8,no (TLS1.3 encrypts Certificate),
107,718.552479000,[IP REDACTED]:45148,[IP REDACTED],443,api.mariokarttour.com,api.mariokarttour.com,TLS1.3;TLS1.2,TLS1.3,,,0x1301,8a776f8777f7ba2e601f4e4329c4666d,t13d671100_174880dd5333_c50a3655fff1,f4febc55ea12b31ae17cfb7e614afda8,no (TLS1.3 encrypts Certificate),
107,718.573458000,[IP REDACTED]:45148,[IP REDACTED],443,api.mariokarttour.com,api.mariokarttour.com,TLS1.3;TLS1.2,TLS1.3,,,0x1301,8a776f8777f7ba2e601f4e4329c4666d,t13d671100_174880dd5333_c50a3655fff1,f4febc55ea12b31ae17cfb7e614afda8,no (TLS1.3 encrypts Certificate),
108,721.776885000,[IP REDACTED]:57548,[IP REDACTED],443,api.mariokarttour.com,api.mariokarttour.com,TLS1.3;TLS1.2,TLS1.3,,,0x1301,8a776f8777f7ba2e601f4e4329c4666d,t13d671100_174880dd5333_c50a3655fff1,f4febc55ea12b31ae17cfb7e614afda8,no (TLS1.3 encrypts Certificate),
108,721.795287000,[IP REDACTED]:57548,[IP REDACTED],443,api.mariokarttour.com,api.mariokarttour.com,TLS1.3;TLS1.2,TLS1.3,,,0x1301,8a776f8777f7ba2e601f4e4329c4666d,t13d671100_174880dd5333_c50a3655fff1,f4febc55ea12b31ae17cfb7e614afda8,no (TLS1.3 encrypts Certificate),
109,722.208116000,[IP REDACTED]:57554,[IP REDACTED],443,api.mariokarttour.com,api.mariokarttour.com,TLS1.3;TLS1.2,TLS1.3,,,0x1301,8a776f8777f7ba2e601f4e4329c4666d,t13d671100_174880dd5333_c50a3655fff1,f4febc55ea12b31ae17cfb7e614afda8,no (TLS1.3 encrypts Certificate),
109,722.231264000,[IP REDACTED]:57554,[IP REDACTED],443,api.mariokarttour.com,api.mariokarttour.com,TLS1.3;TLS1.2,TLS1.3,,,0x1301,8a776f8777f7ba2e601f4e4329c4666d,t13d671100_174880dd5333_c50a3655fff1,f4febc55ea12b31ae17cfb7e614afda8,no (TLS1.3 encrypts Certificate),
110,722.693816000,[IP REDACTED]:57556,[IP REDACTED],443,api.mariokarttour.com,api.mariokarttour.com,TLS1.3;TLS1.2,TLS1.3,,,0x1301,8a776f8777f7ba2e601f4e4329c4666d,t13d671100_174880dd5333_c50a3655fff1,f4febc55ea12b31ae17cfb7e614afda8,no (TLS1.3 encrypts Certificate),
110,722.713789000,[IP REDACTED]:57556,[IP REDACTED],443,api.mariokarttour.com,api.mariokarttour.com,TLS1.3;TLS1.2,TLS1.3,,,0x1301,8a776f8777f7ba2e601f4e4329c4666d,t13d671100_174880dd5333_c50a3655fff1,f4febc55ea12b31ae17cfb7e614afda8,no (TLS1.3 encrypts Certificate),
111,723.243478000,[IP REDACTED]:57566,[IP REDACTED],443,api.mariokarttour.com,api.mariokarttour.com,TLS1.3;TLS1.2,TLS1.3,,,0x1301,8a776f8777f7ba2e601f4e4329c4666d,t13d671100_174880dd5333_c50a3655fff1,f4febc55ea12b31ae17cfb7e614afda8,no (TLS1.3 encrypts Certificate),
111,723.263334000,[IP REDACTED]:57566,[IP REDACTED],443,api.mariokarttour.com,api.mariokarttour.com,TLS1.3;TLS1.2,TLS1.3,,,0x1301,8a776f8777f7ba2e601f4e4329c4666d,t13d671100_174880dd5333_c50a3655fff1,f4febc55ea12b31ae17cfb7e614afda8,no (TLS1.3 encrypts Certificate),
112,724.532310000,[IP REDACTED]:57580,[IP REDACTED],443,api.mariokarttour.com,api.mariokarttour.com,TLS1.3;TLS1.2,TLS1.3,,,0x1301,8a776f8777f7ba2e601f4e4329c4666d,t13d671100_174880dd5333_c50a3655fff1,f4febc55ea12b31ae17cfb7e614afda8,no (TLS1.3 encrypts Certificate),
112,724.549753000,[IP REDACTED]:57580,[IP REDACTED],443,api.mariokarttour.com,api.mariokarttour.com,TLS1.3;TLS1.2,TLS1.3,,,0x1301,8a776f8777f7ba2e601f4e4329c4666d,t13d671100_174880dd5333_c50a3655fff1,f4febc55ea12b31ae17cfb7e614afda8,no (TLS1.3 encrypts Certificate),
113,727.385345000,[IP REDACTED]:42750,[IP REDACTED],443,a6913b7b80402974409b47079c29d775.baas.nintendo.com,a6913b7b80402974409b47079c29d775.baas.nintendo.com,TLS1.3;TLS1.2,TLS1.3,http/1.1,,0x1301,c67e9dc27d283f1f89b4ebb4b4670c21,t13d1713h1_5b57614c22b0_352634941f3a,eb1d94daa7e0344597e756a1fb6e7054,no (TLS1.3 encrypts Certificate),
114,732.243723000,[IP REDACTED]:39690,[IP REDACTED],443,api.mariokarttour.com,api.mariokarttour.com,TLS1.3;TLS1.2,TLS1.3,,,0x1301,8a776f8777f7ba2e601f4e4329c4666d,t13d671100_174880dd5333_c50a3655fff1,f4febc55ea12b31ae17cfb7e614afda8,no (TLS1.3 encrypts Certificate),
114,732.260918000,[IP REDACTED]:39690,[IP REDACTED],443,api.mariokarttour.com,api.mariokarttour.com,TLS1.3;TLS1.2,TLS1.3,,,0x1301,8a776f8777f7ba2e601f4e4329c4666d,t13d671100_174880dd5333_c50a3655fff1,f4febc55ea12b31ae17cfb7e614afda8,no (TLS1.3 encrypts Certificate),
115,732.342860000,[IP REDACTED]:39706,[IP REDACTED],443,api.mariokarttour.com,api.mariokarttour.com,TLS1.3;TLS1.2,TLS1.3,,,0x1301,8a776f8777f7ba2e601f4e4329c4666d,t13d671100_174880dd5333_c50a3655fff1,f4febc55ea12b31ae17cfb7e614afda8,no (TLS1.3 encrypts Certificate),
115,732.359622000,[IP REDACTED]:39706,[IP REDACTED],443,api.mariokarttour.com,api.mariokarttour.com,TLS1.3;TLS1.2,TLS1.3,,,0x1301,8a776f8777f7ba2e601f4e4329c4666d,t13d671100_174880dd5333_c50a3655fff1,f4febc55ea12b31ae17cfb7e614afda8,no (TLS1.3 encrypts Certificate),
116,732.404848000,[IP REDACTED]:39712,[IP REDACTED],443,api.mariokarttour.com,api.mariokarttour.com,TLS1.3;TLS1.2,TLS1.3,,,0x1301,8a776f8777f7ba2e601f4e4329c4666d,t13d671100_174880dd5333_c50a3655fff1,f4febc55ea12b31ae17cfb7e614afda8,no (TLS1.3 encrypts Certificate),
116,732.425606000,[IP REDACTED]:39712,[IP REDACTED],443,api.mariokarttour.com,api.mariokarttour.com,TLS1.3;TLS1.2,TLS1.3,,,0x1301,8a776f8777f7ba2e601f4e4329c4666d,t13d671100_174880dd5333_c50a3655fff1,f4febc55ea12b31ae17cfb7e614afda8,no (TLS1.3 encrypts Certificate),
118,746.663889000,[IP REDACTED]:37888,[IP REDACTED],443,api.mariokarttour.com,api.mariokarttour.com,TLS1.3;TLS1.2,TLS1.3,,,0x1301,8a776f8777f7ba2e601f4e4329c4666d,t13d671100_174880dd5333_c50a3655fff1,f4febc55ea12b31ae17cfb7e614afda8,no (TLS1.3 encrypts Certificate),
118,746.681665000,[IP REDACTED]:37888,[IP REDACTED],443,api.mariokarttour.com,api.mariokarttour.com,TLS1.3;TLS1.2,TLS1.3,,,0x1301,8a776f8777f7ba2e601f4e4329c4666d,t13d671100_174880dd5333_c50a3655fff1,f4febc55ea12b31ae17cfb7e614afda8,no (TLS1.3 encrypts Certificate),
120,756.543398000,[IP REDACTED]:40426,[IP REDACTED],443,api.mariokarttour.com,api.mariokarttour.com,TLS1.3;TLS1.2,TLS1.3,,,0x1301,8a776f8777f7ba2e601f4e4329c4666d,t13d671100_174880dd5333_c50a3655fff1,f4febc55ea12b31ae17cfb7e614afda8,no (TLS1.3 encrypts Certificate),
120,756.561018000,[IP REDACTED]:40426,[IP REDACTED],443,api.mariokarttour.com,api.mariokarttour.com,TLS1.3;TLS1.2,TLS1.3,,,0x1301,8a776f8777f7ba2e601f4e4329c4666d,t13d671100_174880dd5333_c50a3655fff1,f4febc55ea12b31ae17cfb7e614afda8,no (TLS1.3 encrypts Certificate),
121,764.045818000,[IP REDACTED]:51348,[IP REDACTED],443,api.mariokarttour.com,api.mariokarttour.com,TLS1.3;TLS1.2,TLS1.3,,,0x1301,8a776f8777f7ba2e601f4e4329c4666d,t13d671100_174880dd5333_c50a3655fff1,f4febc55ea12b31ae17cfb7e614afda8,no (TLS1.3 encrypts Certificate),
121,764.064454000,[IP REDACTED]:51348,[IP REDACTED],443,api.mariokarttour.com,api.mariokarttour.com,TLS1.3;TLS1.2,TLS1.3,,,0x1301,8a776f8777f7ba2e601f4e4329c4666d,t13d671100_174880dd5333_c50a3655fff1,f4febc55ea12b31ae17cfb7e614afda8,no (TLS1.3 encrypts Certificate),
122,773.452109000,[IP REDACTED]:39728,[IP REDACTED],443,api.mariokarttour.com,api.mariokarttour.com,TLS1.3;TLS1.2,TLS1.3,,,0x1301,8a776f8777f7ba2e601f4e4329c4666d,t13d671100_174880dd5333_c50a3655fff1,f4febc55ea12b31ae17cfb7e614afda8,no (TLS1.3 encrypts Certificate),
122,773.471510000,[IP REDACTED]:39728,[IP REDACTED],443,api.mariokarttour.com,api.mariokarttour.com,TLS1.3;TLS1.2,TLS1.3,,,0x1301,8a776f8777f7ba2e601f4e4329c4666d,t13d671100_174880dd5333_c50a3655fff1,f4febc55ea12b31ae17cfb7e614afda8,no (TLS1.3 encrypts Certificate),
123,784.562803000,[IP REDACTED]:54458,[IP REDACTED],443,api.mariokarttour.com,api.mariokarttour.com,TLS1.3;TLS1.2,TLS1.3,,,0x1301,8a776f8777f7ba2e601f4e4329c4666d,t13d671100_174880dd5333_c50a3655fff1,f4febc55ea12b31ae17cfb7e614afda8,no (TLS1.3 encrypts Certificate),
123,784.580042000,[IP REDACTED]:54458,[IP REDACTED],443,api.mariokarttour.com,api.mariokarttour.com,TLS1.3;TLS1.2,TLS1.3,,,0x1301,8a776f8777f7ba2e601f4e4329c4666d,t13d671100_174880dd5333_c50a3655fff1,f4febc55ea12b31ae17cfb7e614afda8,no (TLS1.3 encrypts Certificate),
124,804.282018000,[IP REDACTED]:52802,[IP REDACTED],443,api.mariokarttour.com,api.mariokarttour.com,TLS1.3;TLS1.2,TLS1.3,,,0x1301,8a776f8777f7ba2e601f4e4329c4666d,t13d671100_174880dd5333_c50a3655fff1,f4febc55ea12b31ae17cfb7e614afda8,no (TLS1.3 encrypts Certificate),
124,804.301601000,[IP REDACTED]:52802,[IP REDACTED],443,api.mariokarttour.com,api.mariokarttour.com,TLS1.3;TLS1.2,TLS1.3,,,0x1301,8a776f8777f7ba2e601f4e4329c4666d,t13d671100_174880dd5333_c50a3655fff1,f4febc55ea12b31ae17cfb7e614afda8,no (TLS1.3 encrypts Certificate),
125,804.572597000,[IP REDACTED]:52804,[IP REDACTED],443,api.mariokarttour.com,api.mariokarttour.com,TLS1.3;TLS1.2,TLS1.3,,,0x1301,8a776f8777f7ba2e601f4e4329c4666d,t13d671100_174880dd5333_c50a3655fff1,f4febc55ea12b31ae17cfb7e614afda8,no (TLS1.3 encrypts Certificate),
125,804.589591000,[IP REDACTED]:52804,[IP REDACTED],443,api.mariokarttour.com,api.mariokarttour.com,TLS1.3;TLS1.2,TLS1.3,,,0x1301,8a776f8777f7ba2e601f4e4329c4666d,t13d671100_174880dd5333_c50a3655fff1,f4febc55ea12b31ae17cfb7e614afda8,no (TLS1.3 encrypts Certificate),
126,877.201356000,[IP REDACTED]:40930,[IP REDACTED],443,api.mariokarttour.com,api.mariokarttour.com,TLS1.3;TLS1.2,TLS1.3,,,0x1301,8a776f8777f7ba2e601f4e4329c4666d,t13d671100_174880dd5333_c50a3655fff1,f4febc55ea12b31ae17cfb7e614afda8,no (TLS1.3 encrypts Certificate),
126,877.218082000,[IP REDACTED]:40930,[IP REDACTED],443,api.mariokarttour.com,api.mariokarttour.com,TLS1.3;TLS1.2,TLS1.3,,,0x1301,8a776f8777f7ba2e601f4e4329c4666d,t13d671100_174880dd5333_c50a3655fff1,f4febc55ea12b31ae17cfb7e614afda8,no (TLS1.3 encrypts Certificate),
127,877.258063000,[IP REDACTED]:40938,[IP REDACTED],443,api.mariokarttour.com,api.mariokarttour.com,TLS1.3;TLS1.2,TLS1.3,,,0x1301,8a776f8777f7ba2e601f4e4329c4666d,t13d671100_174880dd5333_c50a3655fff1,f4febc55ea12b31ae17cfb7e614afda8,no (TLS1.3 encrypts Certificate),
127,877.278785000,[IP REDACTED]:40938,[IP REDACTED],443,api.mariokarttour.com,api.mariokarttour.com,TLS1.3;TLS1.2,TLS1.3,,,0x1301,8a776f8777f7ba2e601f4e4329c4666d,t13d671100_174880dd5333_c50a3655fff1,f4febc55ea12b31ae17cfb7e614afda8,no (TLS1.3 encrypts Certificate),
128,880.517319000,[IP REDACTED]:40948,[IP REDACTED],443,api.mariokarttour.com,api.mariokarttour.com,TLS1.3;TLS1.2,TLS1.3,,,0x1301,8a776f8777f7ba2e601f4e4329c4666d,t13d671100_174880dd5333_c50a3655fff1,f4febc55ea12b31ae17cfb7e614afda8,no (TLS1.3 encrypts Certificate),
128,880.536702000,[IP REDACTED]:40948,[IP REDACTED],443,api.mariokarttour.com,api.mariokarttour.com,TLS1.3;TLS1.2,TLS1.3,,,0x1301,8a776f8777f7ba2e601f4e4329c4666d,t13d671100_174880dd5333_c50a3655fff1,f4febc55ea12b31ae17cfb7e614afda8,no (TLS1.3 encrypts Certificate),
129,883.704234000,[IP REDACTED]:33936,[IP REDACTED],443,api.mariokarttour.com,api.mariokarttour.com,TLS1.3;TLS1.2,TLS1.3,,,0x1301,8a776f8777f7ba2e601f4e4329c4666d,t13d671100_174880dd5333_c50a3655fff1,f4febc55ea12b31ae17cfb7e614afda8,no (TLS1.3 encrypts Certificate),
129,883.721206000,[IP REDACTED]:33936,[IP REDACTED],443,api.mariokarttour.com,api.mariokarttour.com,TLS1.3;TLS1.2,TLS1.3,,,0x1301,8a776f8777f7ba2e601f4e4329c4666d,t13d671100_174880dd5333_c50a3655fff1,f4febc55ea12b31ae17cfb7e614afda8,no (TLS1.3 encrypts Certificate),
130,884.192609000,[IP REDACTED]:33950,[IP REDACTED],443,api.mariokarttour.com,api.mariokarttour.com,TLS1.3;TLS1.2,TLS1.3,,,0x1301,8a776f8777f7ba2e601f4e4329c4666d,t13d671100_174880dd5333_c50a3655fff1,f4febc55ea12b31ae17cfb7e614afda8,no (TLS1.3 encrypts Certificate),
130,884.214690000,[IP REDACTED]:33950,[IP REDACTED],443,api.mariokarttour.com,api.mariokarttour.com,TLS1.3;TLS1.2,TLS1.3,,,0x1301,8a776f8777f7ba2e601f4e4329c4666d,t13d671100_174880dd5333_c50a3655fff1,f4febc55ea12b31ae17cfb7e614afda8,no (TLS1.3 encrypts Certificate),
131,884.580180000,[IP REDACTED]:33962,[IP REDACTED],443,api.mariokarttour.com,api.mariokarttour.com,TLS1.3;TLS1.2,TLS1.3,,,0x1301,8a776f8777f7ba2e601f4e4329c4666d,t13d671100_174880dd5333_c50a3655fff1,f4febc55ea12b31ae17cfb7e614afda8,no (TLS1.3 encrypts Certificate),
131,884.600328000,[IP REDACTED]:33962,[IP REDACTED],443,api.mariokarttour.com,api.mariokarttour.com,TLS1.3;TLS1.2,TLS1.3,,,0x1301,8a776f8777f7ba2e601f4e4329c4666d,t13d671100_174880dd5333_c50a3655fff1,f4febc55ea12b31ae17cfb7e614afda8,no (TLS1.3 encrypts Certificate),
132,885.004780000,[IP REDACTED]:33976,[IP REDACTED],443,api.mariokarttour.com,api.mariokarttour.com,TLS1.3;TLS1.2,TLS1.3,,,0x1301,8a776f8777f7ba2e601f4e4329c4666d,t13d671100_174880dd5333_c50a3655fff1,f4febc55ea12b31ae17cfb7e614afda8,no (TLS1.3 encrypts Certificate),
132,885.021260000,[IP REDACTED]:33976,[IP REDACTED],443,api.mariokarttour.com,api.mariokarttour.com,TLS1.3;TLS1.2,TLS1.3,,,0x1301,8a776f8777f7ba2e601f4e4329c4666d,t13d671100_174880dd5333_c50a3655fff1,f4febc55ea12b31ae17cfb7e614afda8,no (TLS1.3 encrypts Certificate),
133,885.501753000,[IP REDACTED]:33978,[IP REDACTED],443,api.mariokarttour.com,api.mariokarttour.com,TLS1.3;TLS1.2,TLS1.3,,,0x1301,8a776f8777f7ba2e601f4e4329c4666d,t13d671100_174880dd5333_c50a3655fff1,f4febc55ea12b31ae17cfb7e614afda8,no (TLS1.3 encrypts Certificate),
133,885.532199000,[IP REDACTED]:33978,[IP REDACTED],443,api.mariokarttour.com,api.mariokarttour.com,TLS1.3;TLS1.2,TLS1.3,,,0x1301,8a776f8777f7ba2e601f4e4329c4666d,t13d671100_174880dd5333_c50a3655fff1,f4febc55ea12b31ae17cfb7e614afda8,no (TLS1.3 encrypts Certificate),
134,888.597525000,[IP REDACTED]:56116,[IP REDACTED],443,support.mariokarttour.com,support.mariokarttour.com,TLS1.3;TLS1.2,TLS1.3,http/1.1,,0x1301,9b02ebd3a43b62d825e1ac605b621dc8,t13d1713h1_5b57614c22b0_eca864cca44a,f4febc55ea12b31ae17cfb7e614afda8,no (TLS1.3 encrypts Certificate),
135,888.988319000,[IP REDACTED]:54694,[IP REDACTED],443,support-cdn-mariokarttour.akamaized.net,support-cdn-mariokarttour.akamaized.net,TLS1.3;TLS1.2,TLS1.3,http/1.1,,0x1302,9b02ebd3a43b62d825e1ac605b621dc8,t13d1713h1_5b57614c22b0_eca864cca44a,15af977ce25de452b96affa2addb1036,no (TLS1.3 encrypts Certificate),
136,888.993372000,[IP REDACTED]:54696,[IP REDACTED],443,support-cdn-mariokarttour.akamaized.net,support-cdn-mariokarttour.akamaized.net,TLS1.3;TLS1.2,TLS1.3,http/1.1,,0x1302,9b02ebd3a43b62d825e1ac605b621dc8,t13d1713h1_5b57614c22b0_eca864cca44a,15af977ce25de452b96affa2addb1036,no (TLS1.3 encrypts Certificate),
137,889.008946000,[IP REDACTED]:52314,[IP REDACTED],443,announcement-resource-cdn.mariokarttour.com,announcement-resource-cdn.mariokarttour.com,TLS1.3;TLS1.2,TLS1.3,http/1.1,,0x1302,9b02ebd3a43b62d825e1ac605b621dc8,t13d1713h1_5b57614c22b0_eca864cca44a,15af977ce25de452b96affa2addb1036,no (TLS1.3 encrypts Certificate),
138,907.370921000,[IP REDACTED]:50258,[IP REDACTED],443,a6913b7b80402974409b47079c29d775.baas.nintendo.com,a6913b7b80402974409b47079c29d775.baas.nintendo.com,TLS1.3;TLS1.2,TLS1.3,http/1.1,,0x1301,c67e9dc27d283f1f89b4ebb4b4670c21,t13d1713h1_5b57614c22b0_352634941f3a,2b0648ab686ee45e0e7c35fcfb0eea7e,no (TLS1.3 encrypts Certificate),
139,907.717892000,[IP REDACTED]:48670,[IP REDACTED],443,api.accounts.nintendo.com,api.accounts.nintendo.com,TLS1.3;TLS1.2,TLS1.3,http/1.1,,0x1302,9b02ebd3a43b62d825e1ac605b621dc8,t13d1713h1_5b57614c22b0_eca864cca44a,15af977ce25de452b96affa2addb1036,no (TLS1.3 encrypts Certificate),
140,909.378844000,[IP REDACTED]:51486,[IP REDACTED],443,announcement-resource-cdn.mariokarttour.com,announcement-resource-cdn.mariokarttour.com,TLS1.3;TLS1.2,TLS1.3,http/1.1,,0x1302,c67e9dc27d283f1f89b4ebb4b4670c21,t13d1713h1_5b57614c22b0_352634941f3a,2253c82f03b621c5144709b393fde2c9,no (TLS1.3 encrypts Certificate),
141,920.473563000,[IP REDACTED]:35292,[IP REDACTED],443,api.mariokarttour.com,api.mariokarttour.com,TLS1.3;TLS1.2,TLS1.3,,,0x1301,8a776f8777f7ba2e601f4e4329c4666d,t13d671100_174880dd5333_c50a3655fff1,f4febc55ea12b31ae17cfb7e614afda8,no (TLS1.3 encrypts Certificate),
141,920.491371000,[IP REDACTED]:35292,[IP REDACTED],443,api.mariokarttour.com,api.mariokarttour.com,TLS1.3;TLS1.2,TLS1.3,,,0x1301,8a776f8777f7ba2e601f4e4329c4666d,t13d671100_174880dd5333_c50a3655fff1,f4febc55ea12b31ae17cfb7e614afda8,no (TLS1.3 encrypts Certificate),
142,920.812882000,[IP REDACTED]:35306,[IP REDACTED],443,api.mariokarttour.com,api.mariokarttour.com,TLS1.3;TLS1.2,TLS1.3,,,0x1301,8a776f8777f7ba2e601f4e4329c4666d,t13d671100_174880dd5333_c50a3655fff1,f4febc55ea12b31ae17cfb7e614afda8,no (TLS1.3 encrypts Certificate),
142,920.832379000,[IP REDACTED]:35306,[IP REDACTED],443,api.mariokarttour.com,api.mariokarttour.com,TLS1.3;TLS1.2,TLS1.3,,,0x1301,8a776f8777f7ba2e601f4e4329c4666d,t13d671100_174880dd5333_c50a3655fff1,f4febc55ea12b31ae17cfb7e614afda8,no (TLS1.3 encrypts Certificate),
143,921.085712000,[IP REDACTED]:54678,[IP REDACTED],443,api.mariokarttour.com,api.mariokarttour.com,TLS1.3;TLS1.2,TLS1.3,,,0x1301,8a776f8777f7ba2e601f4e4329c4666d,t13d671100_174880dd5333_c50a3655fff1,f4febc55ea12b31ae17cfb7e614afda8,no (TLS1.3 encrypts Certificate),
143,921.102879000,[IP REDACTED]:54678,[IP REDACTED],443,api.mariokarttour.com,api.mariokarttour.com,TLS1.3;TLS1.2,TLS1.3,,,0x1301,8a776f8777f7ba2e601f4e4329c4666d,t13d671100_174880dd5333_c50a3655fff1,f4febc55ea12b31ae17cfb7e614afda8,no (TLS1.3 encrypts Certificate),
144,928.401958000,[IP REDACTED]:54692,[IP REDACTED],443,api.mariokarttour.com,api.mariokarttour.com,TLS1.3;TLS1.2,TLS1.3,,,0x1301,8a776f8777f7ba2e601f4e4329c4666d,t13d671100_174880dd5333_c50a3655fff1,f4febc55ea12b31ae17cfb7e614afda8,no (TLS1.3 encrypts Certificate),
144,928.420492000,[IP REDACTED]:54692,[IP REDACTED],443,api.mariokarttour.com,api.mariokarttour.com,TLS1.3;TLS1.2,TLS1.3,,,0x1301,8a776f8777f7ba2e601f4e4329c4666d,t13d671100_174880dd5333_c50a3655fff1,f4febc55ea12b31ae17cfb7e614afda8,no (TLS1.3 encrypts Certificate),
145,928.800203000,[IP REDACTED]:54698,[IP REDACTED],443,api.mariokarttour.com,api.mariokarttour.com,TLS1.3;TLS1.2,TLS1.3,,,0x1301,8a776f8777f7ba2e601f4e4329c4666d,t13d671100_174880dd5333_c50a3655fff1,f4febc55ea12b31ae17cfb7e614afda8,no (TLS1.3 encrypts Certificate),
145,928.820820000,[IP REDACTED]:54698,[IP REDACTED],443,api.mariokarttour.com,api.mariokarttour.com,TLS1.3;TLS1.2,TLS1.3,,,0x1301,8a776f8777f7ba2e601f4e4329c4666d,t13d671100_174880dd5333_c50a3655fff1,f4febc55ea12b31ae17cfb7e614afda8,no (TLS1.3 encrypts Certificate),
146,929.116159000,[IP REDACTED]:54702,[IP REDACTED],443,api.mariokarttour.com,api.mariokarttour.com,TLS1.3;TLS1.2,TLS1.3,,,0x1301,8a776f8777f7ba2e601f4e4329c4666d,t13d671100_174880dd5333_c50a3655fff1,f4febc55ea12b31ae17cfb7e614afda8,no (TLS1.3 encrypts Certificate),
146,929.134439000,[IP REDACTED]:54702,[IP REDACTED],443,api.mariokarttour.com,api.mariokarttour.com,TLS1.3;TLS1.2,TLS1.3,,,0x1301,8a776f8777f7ba2e601f4e4329c4666d,t13d671100_174880dd5333_c50a3655fff1,f4febc55ea12b31ae17cfb7e614afda8,no (TLS1.3 encrypts Certificate),
147,930.236644000,[IP REDACTED]:54718,[IP REDACTED],443,api.mariokarttour.com,api.mariokarttour.com,TLS1.3;TLS1.2,TLS1.3,,,0x1301,8a776f8777f7ba2e601f4e4329c4666d,t13d671100_174880dd5333_c50a3655fff1,f4febc55ea12b31ae17cfb7e614afda8,no (TLS1.3 encrypts Certificate),
147,930.254621000,[IP REDACTED]:54718,[IP REDACTED],443,api.mariokarttour.com,api.mariokarttour.com,TLS1.3;TLS1.2,TLS1.3,,,0x1301,8a776f8777f7ba2e601f4e4329c4666d,t13d671100_174880dd5333_c50a3655fff1,f4febc55ea12b31ae17cfb7e614afda8,no (TLS1.3 encrypts Certificate),
148,930.256367000,[IP REDACTED]:54726,[IP REDACTED],443,api.mariokarttour.com,api.mariokarttour.com,TLS1.3;TLS1.2,TLS1.3,,,0x1301,8a776f8777f7ba2e601f4e4329c4666d,t13d671100_174880dd5333_c50a3655fff1,f4febc55ea12b31ae17cfb7e614afda8,no (TLS1.3 encrypts Certificate),
148,930.275654000,[IP REDACTED]:54726,[IP REDACTED],443,api.mariokarttour.com,api.mariokarttour.com,TLS1.3;TLS1.2,TLS1.3,,,0x1301,8a776f8777f7ba2e601f4e4329c4666d,t13d671100_174880dd5333_c50a3655fff1,f4febc55ea12b31ae17cfb7e614afda8,no (TLS1.3 encrypts Certificate),
149,930.333520000,[IP REDACTED]:54732,[IP REDACTED],443,api.mariokarttour.com,api.mariokarttour.com,TLS1.3;TLS1.2,TLS1.3,,,0x1301,8a776f8777f7ba2e601f4e4329c4666d,t13d671100_174880dd5333_c50a3655fff1,f4febc55ea12b31ae17cfb7e614afda8,no (TLS1.3 encrypts Certificate),
149,930.352524000,[IP REDACTED]:54732,[IP REDACTED],443,api.mariokarttour.com,api.mariokarttour.com,TLS1.3;TLS1.2,TLS1.3,,,0x1301,8a776f8777f7ba2e601f4e4329c4666d,t13d671100_174880dd5333_c50a3655fff1,f4febc55ea12b31ae17cfb7e614afda8,no (TLS1.3 encrypts Certificate),
150,930.513467000,[IP REDACTED]:54744,[IP REDACTED],443,api.mariokarttour.com,api.mariokarttour.com,TLS1.3;TLS1.2,TLS1.3,,,0x1301,8a776f8777f7ba2e601f4e4329c4666d,t13d671100_174880dd5333_c50a3655fff1,f4febc55ea12b31ae17cfb7e614afda8,no (TLS1.3 encrypts Certificate),
150,930.531414000,[IP REDACTED]:54744,[IP REDACTED],443,api.mariokarttour.com,api.mariokarttour.com,TLS1.3;TLS1.2,TLS1.3,,,0x1301,8a776f8777f7ba2e601f4e4329c4666d,t13d671100_174880dd5333_c50a3655fff1,f4febc55ea12b31ae17cfb7e614afda8,no (TLS1.3 encrypts Certificate),
151,930.736516000,[IP REDACTED]:54760,[IP REDACTED],443,api.mariokarttour.com,api.mariokarttour.com,TLS1.3;TLS1.2,TLS1.3,,,0x1301,8a776f8777f7ba2e601f4e4329c4666d,t13d671100_174880dd5333_c50a3655fff1,f4febc55ea12b31ae17cfb7e614afda8,no (TLS1.3 encrypts Certificate),
151,930.754673000,[IP REDACTED]:54760,[IP REDACTED],443,api.mariokarttour.com,api.mariokarttour.com,TLS1.3;TLS1.2,TLS1.3,,,0x1301,8a776f8777f7ba2e601f4e4329c4666d,t13d671100_174880dd5333_c50a3655fff1,f4febc55ea12b31ae17cfb7e614afda8,no (TLS1.3 encrypts Certificate),
152,931.724376000,[IP REDACTED]:34988,[IP REDACTED],443,c-lp1.accounts.nintendo.com,c-lp1.accounts.nintendo.com,,TLS1.2,,,0xcca8,dd1cf3704c96ca236a7792f4d1ed50d0,t12d990700_faffc54d2b3b_63157f74ca7a,58f1f5e69fc235faac925aa375f37014,yes,"{""names(printable|utf8)"": ""DigiCert Inc|DigiCert Global G2 TLS RSA SHA256 2020 CA1|Kyoto|Kyoto|Nintendo Co., Ltd.|DigiCert Inc|www.digicert.com|DigiCert Global Root G2|DigiCert Inc|DigiCert Global G2 TLS RSA SHA256 2020 CA1|*.accounts.nintendo.com"", ""SANs"": ""*.accounts.nintendo.com|accounts.nintendo.com"", ""validity(utc)"": ""2026-09-15 00:00:00 (UTC)|2027-04-01 23:59:59 (UTC)|2021-03-30 00:00:00 (UTC)|2031-03-29 23:59:59 (UTC)"", ""serials"": ""071b7ce5243bf75c0f596d690d4253f7|0cf5bd062b5602f47ab8502c23ccf066""}"
153,931.724514000,[IP REDACTED]:34992,[IP REDACTED],443,c-lp1.accounts.nintendo.com,c-lp1.accounts.nintendo.com,,TLS1.2,,,0xcca8,dd1cf3704c96ca236a7792f4d1ed50d0,t12d990700_faffc54d2b3b_63157f74ca7a,58f1f5e69fc235faac925aa375f37014,yes,"{""names(printable|utf8)"": ""DigiCert Inc|DigiCert Global G2 TLS RSA SHA256 2020 CA1|Kyoto|Kyoto|Nintendo Co., Ltd.|DigiCert Inc|www.digicert.com|DigiCert Global Root G2|DigiCert Inc|DigiCert Global G2 TLS RSA SHA256 2020 CA1|*.accounts.nintendo.com"", ""SANs"": ""*.accounts.nintendo.com|accounts.nintendo.com"", ""validity(utc)"": ""2026-09-15 00:00:00 (UTC)|2027-04-01 23:59:59 (UTC)|2021-03-30 00:00:00 (UTC)|2031-03-29 23:59:59 (UTC)"", ""serials"": ""071b7ce5243bf75c0f596d690d4253f7|0cf5bd062b5602f47ab8502c23ccf066""}"
154,931.725950000,[IP REDACTED]:34996,[IP REDACTED],443,c-lp1.accounts.nintendo.com,c-lp1.accounts.nintendo.com,,TLS1.2,,,0xcca8,dd1cf3704c96ca236a7792f4d1ed50d0,t12d990700_faffc54d2b3b_63157f74ca7a,58f1f5e69fc235faac925aa375f37014,yes,"{""names(printable|utf8)"": ""DigiCert Inc|DigiCert Global G2 TLS RSA SHA256 2020 CA1|Kyoto|Kyoto|Nintendo Co., Ltd.|DigiCert Inc|www.digicert.com|DigiCert Global Root G2|DigiCert Inc|DigiCert Global G2 TLS RSA SHA256 2020 CA1|*.accounts.nintendo.com"", ""SANs"": ""*.accounts.nintendo.com|accounts.nintendo.com"", ""validity(utc)"": ""2026-09-15 00:00:00 (UTC)|2027-04-01 23:59:59 (UTC)|2021-03-30 00:00:00 (UTC)|2031-03-29 23:59:59 (UTC)"", ""serials"": ""071b7ce5243bf75c0f596d690d4253f7|0cf5bd062b5602f47ab8502c23ccf066""}"
155,931.728526000,[IP REDACTED]:35010,[IP REDACTED],443,c-lp1.accounts.nintendo.com,c-lp1.accounts.nintendo.com,,TLS1.2,,,0xcca8,dd1cf3704c96ca236a7792f4d1ed50d0,t12d990700_faffc54d2b3b_63157f74ca7a,58f1f5e69fc235faac925aa375f37014,yes,"{""names(printable|utf8)"": ""DigiCert Inc|DigiCert Global G2 TLS RSA SHA256 2020 CA1|Kyoto|Kyoto|Nintendo Co., Ltd.|DigiCert Inc|www.digicert.com|DigiCert Global Root G2|DigiCert Inc|DigiCert Global G2 TLS RSA SHA256 2020 CA1|*.accounts.nintendo.com"", ""SANs"": ""*.accounts.nintendo.com|accounts.nintendo.com"", ""validity(utc)"": ""2026-09-15 00:00:00 (UTC)|2027-04-01 23:59:59 (UTC)|2021-03-30 00:00:00 (UTC)|2031-03-29 23:59:59 (UTC)"", ""serials"": ""071b7ce5243bf75c0f596d690d4253f7|0cf5bd062b5602f47ab8502c23ccf066""}"
156,931.730915000,[IP REDACTED]:35024,[IP REDACTED],443,c-lp1.accounts.nintendo.com,c-lp1.accounts.nintendo.com,,TLS1.2,,,0xcca8,dd1cf3704c96ca236a7792f4d1ed50d0,t12d990700_faffc54d2b3b_63157f74ca7a,58f1f5e69fc235faac925aa375f37014,yes,"{""names(printable|utf8)"": ""DigiCert Inc|DigiCert Global G2 TLS RSA SHA256 2020 CA1|Kyoto|Kyoto|Nintendo Co., Ltd.|DigiCert Inc|www.digicert.com|DigiCert Global Root G2|DigiCert Inc|DigiCert Global G2 TLS RSA SHA256 2020 CA1|*.accounts.nintendo.com"", ""SANs"": ""*.accounts.nintendo.com|accounts.nintendo.com"", ""validity(utc)"": ""2026-09-15 00:00:00 (UTC)|2027-04-01 23:59:59 (UTC)|2021-03-30 00:00:00 (UTC)|2031-03-29 23:59:59 (UTC)"", ""serials"": ""071b7ce5243bf75c0f596d690d4253f7|0cf5bd062b5602f47ab8502c23ccf066""}"
157,931.731325000,[IP REDACTED]:35034,[IP REDACTED],443,c-lp1.accounts.nintendo.com,c-lp1.accounts.nintendo.com,,TLS1.2,,,0xcca8,dd1cf3704c96ca236a7792f4d1ed50d0,t12d990700_faffc54d2b3b_63157f74ca7a,58f1f5e69fc235faac925aa375f37014,yes,"{""names(printable|utf8)"": ""DigiCert Inc|DigiCert Global G2 TLS RSA SHA256 2020 CA1|Kyoto|Kyoto|Nintendo Co., Ltd.|DigiCert Inc|www.digicert.com|DigiCert Global Root G2|DigiCert Inc|DigiCert Global G2 TLS RSA SHA256 2020 CA1|*.accounts.nintendo.com"", ""SANs"": ""*.accounts.nintendo.com|accounts.nintendo.com"", ""validity(utc)"": ""2026-09-15 00:00:00 (UTC)|2027-04-01 23:59:59 (UTC)|2021-03-30 00:00:00 (UTC)|2031-03-29 23:59:59 (UTC)"", ""serials"": ""071b7ce5243bf75c0f596d690d4253f7|0cf5bd062b5602f47ab8502c23ccf066""}"
158,931.734803000,[IP REDACTED]:35036,[IP REDACTED],443,c-lp1.accounts.nintendo.com,c-lp1.accounts.nintendo.com,,TLS1.2,,,0xcca8,dd1cf3704c96ca236a7792f4d1ed50d0,t12d990700_faffc54d2b3b_63157f74ca7a,58f1f5e69fc235faac925aa375f37014,yes,"{""names(printable|utf8)"": ""DigiCert Inc|DigiCert Global G2 TLS RSA SHA256 2020 CA1|Kyoto|Kyoto|Nintendo Co., Ltd.|DigiCert Inc|www.digicert.com|DigiCert Global Root G2|DigiCert Inc|DigiCert Global G2 TLS RSA SHA256 2020 CA1|*.accounts.nintendo.com"", ""SANs"": ""*.accounts.nintendo.com|accounts.nintendo.com"", ""validity(utc)"": ""2026-09-15 00:00:00 (UTC)|2027-04-01 23:59:59 (UTC)|2021-03-30 00:00:00 (UTC)|2031-03-29 23:59:59 (UTC)"", ""serials"": ""071b7ce5243bf75c0f596d690d4253f7|0cf5bd062b5602f47ab8502c23ccf066""}"
159,931.734983000,[IP REDACTED]:35046,[IP REDACTED],443,c-lp1.accounts.nintendo.com,c-lp1.accounts.nintendo.com,,TLS1.2,,,0xcca8,dd1cf3704c96ca236a7792f4d1ed50d0,t12d990700_faffc54d2b3b_63157f74ca7a,58f1f5e69fc235faac925aa375f37014,yes,"{""names(printable|utf8)"": ""DigiCert Inc|DigiCert Global G2 TLS RSA SHA256 2020 CA1|Kyoto|Kyoto|Nintendo Co., Ltd.|DigiCert Inc|www.digicert.com|DigiCert Global Root G2|DigiCert Inc|DigiCert Global G2 TLS RSA SHA256 2020 CA1|*.accounts.nintendo.com"", ""SANs"": ""*.accounts.nintendo.com|accounts.nintendo.com"", ""validity(utc)"": ""2026-09-15 00:00:00 (UTC)|2027-04-01 23:59:59 (UTC)|2021-03-30 00:00:00 (UTC)|2031-03-29 23:59:59 (UTC)"", ""serials"": ""071b7ce5243bf75c0f596d690d4253f7|0cf5bd062b5602f47ab8502c23ccf066""}"
160,931.738813000,[IP REDACTED]:35060,[IP REDACTED],443,c-lp1.accounts.nintendo.com,c-lp1.accounts.nintendo.com,,TLS1.2,,,0xcca8,dd1cf3704c96ca236a7792f4d1ed50d0,t12d990700_faffc54d2b3b_63157f74ca7a,58f1f5e69fc235faac925aa375f37014,yes,"{""names(printable|utf8)"": ""DigiCert Inc|DigiCert Global G2 TLS RSA SHA256 2020 CA1|Kyoto|Kyoto|Nintendo Co., Ltd.|DigiCert Inc|www.digicert.com|DigiCert Global Root G2|DigiCert Inc|DigiCert Global G2 TLS RSA SHA256 2020 CA1|*.accounts.nintendo.com"", ""SANs"": ""*.accounts.nintendo.com|accounts.nintendo.com"", ""validity(utc)"": ""2026-09-15 00:00:00 (UTC)|2027-04-01 23:59:59 (UTC)|2021-03-30 00:00:00 (UTC)|2031-03-29 23:59:59 (UTC)"", ""serials"": ""071b7ce5243bf75c0f596d690d4253f7|0cf5bd062b5602f47ab8502c23ccf066""}"
161,931.741314000,[IP REDACTED]:35066,[IP REDACTED],443,c-lp1.accounts.nintendo.com,c-lp1.accounts.nintendo.com,,TLS1.2,,,0xcca8,dd1cf3704c96ca236a7792f4d1ed50d0,t12d990700_faffc54d2b3b_63157f74ca7a,58f1f5e69fc235faac925aa375f37014,yes,"{""names(printable|utf8)"": ""DigiCert Inc|DigiCert Global G2 TLS RSA SHA256 2020 CA1|Kyoto|Kyoto|Nintendo Co., Ltd.|DigiCert Inc|www.digicert.com|DigiCert Global Root G2|DigiCert Inc|DigiCert Global G2 TLS RSA SHA256 2020 CA1|*.accounts.nintendo.com"", ""SANs"": ""*.accounts.nintendo.com|accounts.nintendo.com"", ""validity(utc)"": ""2026-09-15 00:00:00 (UTC)|2027-04-01 23:59:59 (UTC)|2021-03-30 00:00:00 (UTC)|2031-03-29 23:59:59 (UTC)"", ""serials"": ""071b7ce5243bf75c0f596d690d4253f7|0cf5bd062b5602f47ab8502c23ccf066""}"
162,938.577349000,[IP REDACTED]:39878,[IP REDACTED],443,api.mariokarttour.com,api.mariokarttour.com,TLS1.3;TLS1.2,TLS1.3,,,0x1301,8a776f8777f7ba2e601f4e4329c4666d,t13d671100_174880dd5333_c50a3655fff1,f4febc55ea12b31ae17cfb7e614afda8,no (TLS1.3 encrypts Certificate),
162,938.592822000,[IP REDACTED]:39878,[IP REDACTED],443,api.mariokarttour.com,api.mariokarttour.com,TLS1.3;TLS1.2,TLS1.3,,,0x1301,8a776f8777f7ba2e601f4e4329c4666d,t13d671100_174880dd5333_c50a3655fff1,f4febc55ea12b31ae17cfb7e614afda8,no (TLS1.3 encrypts Certificate),
163,947.573127000,[IP REDACTED]:37482,[IP REDACTED],443,api.mariokarttour.com,api.mariokarttour.com,TLS1.3;TLS1.2,TLS1.3,,,0x1301,8a776f8777f7ba2e601f4e4329c4666d,t13d671100_174880dd5333_c50a3655fff1,f4febc55ea12b31ae17cfb7e614afda8,no (TLS1.3 encrypts Certificate),
163,947.593356000,[IP REDACTED]:37482,[IP REDACTED],443,api.mariokarttour.com,api.mariokarttour.com,TLS1.3;TLS1.2,TLS1.3,,,0x1301,8a776f8777f7ba2e601f4e4329c4666d,t13d671100_174880dd5333_c50a3655fff1,f4febc55ea12b31ae17cfb7e614afda8,no (TLS1.3 encrypts Certificate),
164,947.623456000,[IP REDACTED]:37496,[IP REDACTED],443,api.mariokarttour.com,api.mariokarttour.com,TLS1.3;TLS1.2,TLS1.3,,,0x1301,8a776f8777f7ba2e601f4e4329c4666d,t13d671100_174880dd5333_c50a3655fff1,f4febc55ea12b31ae17cfb7e614afda8,no (TLS1.3 encrypts Certificate),
164,947.645450000,[IP REDACTED]:37496,[IP REDACTED],443,api.mariokarttour.com,api.mariokarttour.com,TLS1.3;TLS1.2,TLS1.3,,,0x1301,8a776f8777f7ba2e601f4e4329c4666d,t13d671100_174880dd5333_c50a3655fff1,f4febc55ea12b31ae17cfb7e614afda8,no (TLS1.3 encrypts Certificate),
165,949.861651000,[IP REDACTED]:48064,[IP REDACTED],443,pubsub.googleapis.com,pubsub.googleapis.com,TLS1.3;TLS1.2,TLS1.3,http/1.1,,0x1302,9b02ebd3a43b62d825e1ac605b621dc8,t13d1713h1_5b57614c22b0_eca864cca44a,907bf3ecef1c987c889946b737b43de8,no (TLS1.3 encrypts Certificate),
166,997.117627000,[IP REDACTED]:43802,[IP REDACTED],443,api.mariokarttour.com,api.mariokarttour.com,TLS1.3;TLS1.2,TLS1.3,,,0x1301,8a776f8777f7ba2e601f4e4329c4666d,t13d671100_174880dd5333_c50a3655fff1,f4febc55ea12b31ae17cfb7e614afda8,no (TLS1.3 encrypts Certificate),
166,997.139181000,[IP REDACTED]:43802,[IP REDACTED],443,api.mariokarttour.com,api.mariokarttour.com,TLS1.3;TLS1.2,TLS1.3,,,0x1301,8a776f8777f7ba2e601f4e4329c4666d,t13d671100_174880dd5333_c50a3655fff1,f4febc55ea12b31ae17cfb7e614afda8,no (TLS1.3 encrypts Certificate),
167,998.582582000,[IP REDACTED]:43804,[IP REDACTED],443,api.mariokarttour.com,api.mariokarttour.com,TLS1.3;TLS1.2,TLS1.3,,,0x1301,8a776f8777f7ba2e601f4e4329c4666d,t13d671100_174880dd5333_c50a3655fff1,f4febc55ea12b31ae17cfb7e614afda8,no (TLS1.3 encrypts Certificate),
167,998.604854000,[IP REDACTED]:43804,[IP REDACTED],443,api.mariokarttour.com,api.mariokarttour.com,TLS1.3;TLS1.2,TLS1.3,,,0x1301,8a776f8777f7ba2e601f4e4329c4666d,t13d671100_174880dd5333_c50a3655fff1,f4febc55ea12b31ae17cfb7e614afda8,no (TLS1.3 encrypts Certificate),
168,1007.491755000,[IP REDACTED]:40518,[IP REDACTED],443,api.mariokarttour.com,api.mariokarttour.com,TLS1.3;TLS1.2,TLS1.3,,,0x1301,8a776f8777f7ba2e601f4e4329c4666d,t13d671100_174880dd5333_c50a3655fff1,f4febc55ea12b31ae17cfb7e614afda8,no (TLS1.3 encrypts Certificate),
168,1007.509659000,[IP REDACTED]:40518,[IP REDACTED],443,api.mariokarttour.com,api.mariokarttour.com,TLS1.3;TLS1.2,TLS1.3,,,0x1301,8a776f8777f7ba2e601f4e4329c4666d,t13d671100_174880dd5333_c50a3655fff1,f4febc55ea12b31ae17cfb7e614afda8,no (TLS1.3 encrypts Certificate),
169,1019.453198000,[IP REDACTED]:43406,[IP REDACTED],443,api.mariokarttour.com,api.mariokarttour.com,TLS1.3;TLS1.2,TLS1.3,,,0x1301,8a776f8777f7ba2e601f4e4329c4666d,t13d671100_174880dd5333_c50a3655fff1,f4febc55ea12b31ae17cfb7e614afda8,no (TLS1.3 encrypts Certificate),
169,1019.471072000,[IP REDACTED]:43406,[IP REDACTED],443,api.mariokarttour.com,api.mariokarttour.com,TLS1.3;TLS1.2,TLS1.3,,,0x1301,8a776f8777f7ba2e601f4e4329c4666d,t13d671100_174880dd5333_c50a3655fff1,f4febc55ea12b31ae17cfb7e614afda8,no (TLS1.3 encrypts Certificate),
170,1030.503260000,[IP REDACTED]:57614,[IP REDACTED],443,api.mariokarttour.com,api.mariokarttour.com,TLS1.3;TLS1.2,TLS1.3,,,0x1301,8a776f8777f7ba2e601f4e4329c4666d,t13d671100_174880dd5333_c50a3655fff1,f4febc55ea12b31ae17cfb7e614afda8,no (TLS1.3 encrypts Certificate),
170,1030.526138000,[IP REDACTED]:57614,[IP REDACTED],443,api.mariokarttour.com,api.mariokarttour.com,TLS1.3;TLS1.2,TLS1.3,,,0x1301,8a776f8777f7ba2e601f4e4329c4666d,t13d671100_174880dd5333_c50a3655fff1,f4febc55ea12b31ae17cfb7e614afda8,no (TLS1.3 encrypts Certificate),
171,1042.495090000,[IP REDACTED]:48558,[IP REDACTED],443,a6913b7b80402974409b47079c29d775.baas.nintendo.com,a6913b7b80402974409b47079c29d775.baas.nintendo.com,TLS1.3;TLS1.2,TLS1.3,http/1.1,,0x1301,c67e9dc27d283f1f89b4ebb4b4670c21,t13d1713h1_5b57614c22b0_352634941f3a,eb1d94daa7e0344597e756a1fb6e7054,no (TLS1.3 encrypts Certificate),
