second_rel,p2p_packets
754,15
755,8
756,72
757,135
758,93
759,38
760,147
761,93
762,127
763,166
764,69
765,67
766,87
767,83
768,116
769,101
770,80
771,74
772,80
773,90
774,71
775,67
776,70
777,69
778,78
779,72
780,69
781,71
782,68
783,81
784,68
785,67
786,73
787,66
788,85
789,62
790,62
791,78
792,65
793,81
794,68
795,69
796,60
797,101
798,91
799,76
800,68
801,56
802,94
803,105
804,79
805,64
806,70
807,70
808,76
809,84
810,75
811,81
812,88
813,98
814,91
815,100
816,99
817,95
818,112
819,99
820,97
821,101
822,93
823,111
824,98
825,93
826,101
827,97
828,110
829,96
830,96
831,103
832,94
833,108
834,100
835,98
836,100
837,99
838,108
839,89
840,80
841,71
842,73
843,84
844,35
845,26
846,24
847,28
848,41
849,51
850,59
851,24
852,26
853,31
854,30
855,25
856,25
857,24
858,33
859,30
860,23
861,25
862,26
863,29
864,32
865,14
