udp_stream,role,remote_host,remote_ip,remote_port,local_port,pkts_out,pkts_in,bytes_out,bytes_in,start_rel_s,end_rel_s,duration_s,pps_total,pps_out,payload_min,payload_p25,payload_median,payload_mean,payload_p95,payload_max,iat_out_median_ms,top_sizes,size_hist_32B_bins,first_bytes_out,first_bytes_in
34,"Pia NAT-check (NAT type probe, 'NC' magic)",nat-check-0.mariokarttour.com,[IP REDACTED],33334,58556,3,0,9,0,733.361,733.367,0.006,478.77,478.77,3,3.0,3,3,3.0,3,0.0,3B x3,0-31:3,4e4300,
35,"Pia NAT-check (NAT type probe, 'NC' magic)",nat-check-0.mariokarttour.com,[IP REDACTED],34543,58556,6,3,18,27,733.368,733.562,0.194,46.4,30.93,3,3,3,5,9.0,9,0.1,3B x6;9B x3,0-31:9,4e4301,4e4301[IP REDACTED]8767
36,"Pia NAT-check (NAT type probe, 'NC' magic)",nat-check-1.mariokarttour.com,[IP REDACTED],34543,58556,3,3,9,27,733.371,733.562,0.191,31.38,15.69,3,3.0,6.0,6,9.0,9,0.0,3B x3;9B x3,0-31:6,4e4303,4e4303[IP REDACTED]8767
42,Izumo room/relay server (UDP side of TCP control channel on same port),ec2-[IP REDACTED].us-west-2.compute.amazonaws.com,[IP REDACTED],14106,55134,772,1060,107084,139315,753.651,865.781,112.129,16.34,6.88,17,116.0,117.0,134.5,241.0,598,108.6,116B x519;117B x498;148B x188;100B x163;194B x65;44B x33,0-31:5;32-63:33;64-95:17;96-127:1191;128-159:272;160-191:73;192-223:117;224-255:94;256-287:10;288-319:10;320-351:6;352-383:2;512-543:1;576-607:1,03902f98417eca44af95a8a91aaa5c06,022a4f174a08dfc9fd71c35bf01baa5c
43,Pia P2P peer (direct mesh connection to another player),(no DNS - peer IP),[IP REDACTED],58849,58556,688,1020,53984,80732,754.108,843.509,89.401,19.1,7.7,45,61.0,61.0,78.9,173.0,589,69.7,61B x1037;93B x200;45B x179;173B x84;109B x54;157B x44,32-63:1216;64-95:226;96-127:82;128-159:65;160-191:90;192-223:14;224-255:4;256-287:5;288-319:3;448-479:1;512-543:1;576-607:1,32ab986490630000000000000072c836,32ab9864906300007cb70000006eb7f1
44,Pia P2P peer (direct mesh connection to another player),(no DNS - peer IP),[IP REDACTED],50909,58556,704,991,55136,121747,754.116,844.384,90.268,18.78,7.8,45,61.0,61,104.4,173.0,1165,103.8,61B x964;45B x200;93B x186;173B x88;77B x55;109B x48,32-63:1164;64-95:241;96-127:69;128-159:60;160-191:94;192-223:10;224-255:7;256-287:2;480-511:1;608-639:4;672-703:2;768-799:6;1152-1183:35,32ab986490630000000000000072c836,32ab986490630000b70c000000563b31
45,Pia P2P peer (direct mesh connection to another player),(no DNS - peer IP),[IP REDACTED],62352,58556,24,2,3784,250,754.122,757.602,3.479,7.47,6.9,61,93.0,157.0,155.2,297.0,317,47.2,93B x4;61B x4;157B x3;189B x3;173B x2;237B x2,32-63:4;64-95:4;96-127:3;128-159:4;160-191:5;192-223:2;224-255:2;288-319:2,32ab986490630000000000000072c836,32ab98649063000030c7000000adbffb
46,Pia P2P peer (direct mesh connection to another player),(no DNS - peer IP),[IP REDACTED],63935,58556,2,1,186,93,754.169,754.482,0.314,9.57,6.38,93,93.0,93,93,93.0,93,313.5,93B x3,64-95:3,32ab986490630000000000000072c836,32ab98649063000039b100000004bfe5
47,Pia P2P peer (direct mesh connection to another player),(no DNS - peer IP),[IP REDACTED],63944,58556,859,860,66543,108716,754.694,865.565,110.872,15.5,7.75,45,61.0,61,102.0,173.0,1165,100.0,61B x1365;173B x85;157B x43;125B x38;93B x35;109B x32,32-63:1376;64-95:43;96-127:70;128-159:68;160-191:97;192-223:12;224-255:5;256-287:2;288-319:1;480-511:1;768-799:8;832-863:3;896-927:1;1152-1183:32,32ab986490630000000000000072c836,32ab9864906300000000000000327a34
48,"NPLN / Pia monitoring (one-way telemetry, Pia magic, unencrypted header)",g2122d301.lp1.p.srv.nintendo.net,[IP REDACTED],34343,58285,2,0,1160,0,756.341,865.859,109.518,0.02,0.02,468,524.0,580.0,580,680.8,692,109517.7,468B x1;692B x1,448-479:1;672-703:1,32ab9864100000000000000000000000,
50,Pia P2P peer (direct mesh connection to another player),(no DNS - peer IP),[IP REDACTED],61090,58556,802,777,59882,57365,757.061,865.627,108.565,14.54,7.39,45,61.0,61,74.3,173.0,557,121.5,61B x1332;173B x75;157B x34;109B x33;93B x29;125B x24,32-63:1341;64-95:36;96-127:57;128-159:49;160-191:79;192-223:7;224-255:6;256-287:2;480-511:1;544-575:1,32ab986490530000c8db00000072c836,32ab9864906300000000000000aa1cc7
51,Pia P2P peer (direct mesh connection to another player),(no DNS - peer IP),[IP REDACTED],54811,58556,626,938,45338,68498,760.181,843.584,83.403,18.75,7.51,45,61.0,61.0,72.8,173.0,525,90.6,61B x999;45B x189;93B x184;173B x71;77B x50;109B x32,32-63:1188;64-95:234;96-127:40;128-159:18;160-191:74;192-223:2;224-255:3;288-319:2;480-511:1;512-543:2,32ab986490530000c8db00000072c836,32ab98649063000000000000008e5913
66,"Pia NAT-check (NAT type probe, 'NC' magic)",nat-check-0.mariokarttour.com,[IP REDACTED],33334,49217,3,0,9,0,948.299,948.3,0.001,2734.73,2734.73,3,3.0,3,3,3.0,3,0.0,3B x3,0-31:3,4e4300,
67,"Pia NAT-check (NAT type probe, 'NC' magic)",nat-check-0.mariokarttour.com,[IP REDACTED],34543,49217,6,3,18,27,948.301,948.503,0.202,44.61,29.74,3,3,3,5,9.0,9,0.0,3B x6;9B x3,0-31:9,4e4301,4e4301[IP REDACTED]a27d
68,"Pia NAT-check (NAT type probe, 'NC' magic)",nat-check-1.mariokarttour.com,[IP REDACTED],34543,49217,3,3,9,27,948.303,948.503,0.2,29.97,14.99,3,3.0,6.0,6,9.0,9,0.0,3B x3;9B x3,0-31:6,4e4303,4e4303[IP REDACTED]a27d
