assembly,namespace,class,match_reason
Assembly-CSharp,Game,AIItemP2P,name-keyword
Assembly-CSharp,Game,CameraP2PStartDemo,name-keyword
Assembly-CSharp,Game,CloneHeader,name-keyword
Assembly-CSharp,Game,ExitPvPSequenceAction,name-keyword
Assembly-CSharp,Game,GraphicDriverMotionStateRequestQueue,name-keyword
Assembly-CSharp,Game,IUIExternalP2P,name-keyword
Assembly-CSharp,Game,ItemLimitationP2P,name-keyword
Assembly-CSharp,Game,ItemP2PConfig,name-keyword
Assembly-CSharp,Game,LobbyInfo,name-keyword
Assembly-CSharp,Game,MapObjWanwan,name-keyword
Assembly-CSharp,Game,MapObjWanwanRolling,name-keyword
Assembly-CSharp,Game,MatchingDefine,name-keyword
Assembly-CSharp,Game,MatchingStrategyControl,name-keyword
Assembly-CSharp,Game,Native,name-keyword
Assembly-CSharp,Game,NetworkApplicationDataInfo,name-keyword
Assembly-CSharp,Game,NetworkAsyncTaskContext,name-keyword
Assembly-CSharp,Game,NetworkBGPiaUpdater,name-keyword
Assembly-CSharp,Game,NetworkCloneManager,name-keyword
Assembly-CSharp,Game,NetworkDataDrive,name-keyword
Assembly-CSharp,Game,NetworkDataRace,name-keyword
Assembly-CSharp,Game,NetworkDefine,name-keyword
Assembly-CSharp,Game,NetworkEngine,name-keyword
Assembly-CSharp,Game,NetworkGPSUtil,name-keyword
Assembly-CSharp,Game,NetworkIdManager,name-keyword
Assembly-CSharp,Game,NetworkInnerUtil,name-keyword
Assembly-CSharp,Game,NetworkLobbyManager,name-keyword
Assembly-CSharp,Game,NetworkLocationManager,name-keyword
Assembly-CSharp,Game,NetworkManager,name-keyword
Assembly-CSharp,Game,NetworkMatchmakeKeyUtil,name-keyword
Assembly-CSharp,Game,NetworkMiscEventUtil,name-keyword
Assembly-CSharp,Game,NetworkOutgameSequenceManager,name-keyword
Assembly-CSharp,Game,NetworkRaceInfoManager,name-keyword
Assembly-CSharp,Game,NetworkRaceInfoManager,name-keyword
Assembly-CSharp,Game,NetworkReceiveRecorder,name-keyword
Assembly-CSharp,Game,NetworkRuleInfo,name-keyword
Assembly-CSharp,Game,NetworkRuleScheduleManager,name-keyword
Assembly-CSharp,Game,NetworkSessionCustomOption,name-keyword
Assembly-CSharp,Game,NetworkSessionTokenHolder,name-keyword
Assembly-CSharp,Game,NetworkSynchronizerEventRaceEvent,name-keyword
Assembly-CSharp,Game,NetworkSynchronizerFrameRateDelay,name-keyword
Assembly-CSharp,Game,NetworkSynchronizerItemEvent,name-keyword
Assembly-CSharp,Game,NetworkSynchronizerKartVehicleNet,name-keyword
Assembly-CSharp,Game,NetworkSynchronizerMiscEvent,name-keyword
Assembly-CSharp,Game,NetworkSynchronizerRace,name-keyword
Assembly-CSharp,Game,NetworkSynchronizerSlotPermission,name-keyword
Assembly-CSharp,Game,NetworkSynchronizerTime,name-keyword
Assembly-CSharp,Game,NetworkTeamAssignP2PInfo,name-keyword
Assembly-CSharp,Game,NetworkUtil,name-keyword
Assembly-CSharp,Game,P2PEnemyLogRecorder,name-keyword
Assembly-CSharp,Game,P2PUdemaeCalculator,name-keyword
Assembly-CSharp,Game,PacketBase,name-keyword
Assembly-CSharp,Game,RaceEventP2PBossKoopaManager,name-keyword
Assembly-CSharp,Game,RaceEventP2PKartSpeedControl,name-keyword
Assembly-CSharp,Game,RaceEventPvPTeamRaceManager,name-keyword
Assembly-CSharp,Game,RaceEventPvPTeamRaceScoreManager,name-keyword
Assembly-CSharp,Game,RaceMatchingManager,name-keyword
Assembly-CSharp,Game,RaceMatchingP2PManager,name-keyword
Assembly-CSharp,Game,RaceSequenceSubManagerDownloadRace,name-keyword
Assembly-CSharp,Game,RaceSequenceSubManagerP2P,name-keyword
Assembly-CSharp,Game,RaceSequenceSubManagerP2PEvent,name-keyword
Assembly-CSharp,Game,SakashoAchievementManager,name-keyword
Assembly-CSharp,Game,SakashoAnnouncementManager,name-keyword
Assembly-CSharp,Game,SakashoAssetManager,name-keyword
Assembly-CSharp,Game,SakashoAsyncTaskContext,name-keyword
Assembly-CSharp,Game,SakashoAsyncTaskHandler,name-keyword
Assembly-CSharp,Game,SakashoDailyChallengeManager,name-keyword
Assembly-CSharp,Game,SakashoDefine,name-keyword
Assembly-CSharp,Game,SakashoDirector,name-keyword
Assembly-CSharp,Game,SakashoEvent,name-keyword
Assembly-CSharp,Game,SakashoEventRaceFestivalManager,name-keyword
Assembly-CSharp,Game,SakashoFriendManager,name-keyword
Assembly-CSharp,Game,SakashoGreetCoinManager,name-keyword
Assembly-CSharp,Game,SakashoInnerUtil,name-keyword
Assembly-CSharp,Game,SakashoIntentionalPushNotificationManager,name-keyword
Assembly-CSharp,Game,SakashoInventoryManager,name-keyword
Assembly-CSharp,Game,SakashoIzumoManager,name-keyword
Assembly-CSharp,Game,SakashoLocalPushManager,name-keyword
Assembly-CSharp,Game,SakashoLoginBonusManager,name-keyword
Assembly-CSharp,Game,SakashoMaintenanceStatus,name-keyword
Assembly-CSharp,Game,SakashoMasterManager,name-keyword
Assembly-CSharp,Game,SakashoMiiIconCacheSystem,name-keyword
Assembly-CSharp,Game,SakashoMiiManager,name-keyword
Assembly-CSharp,Game,SakashoMiiSuitShopProduct,name-keyword
Assembly-CSharp,Game,SakashoMissionManager,name-keyword
Assembly-CSharp,Game,SakashoMk8dxManager,name-keyword
Assembly-CSharp,Game,SakashoNintendoAccountManager,name-keyword
Assembly-CSharp,Game,SakashoP2PEventRaceManager,name-keyword
Assembly-CSharp,Game,SakashoP2PEventRaceSetting,name-keyword
Assembly-CSharp,Game,SakashoPlayerManager,name-keyword
Assembly-CSharp,Game,SakashoPlayerMiiDataManager,name-keyword
Assembly-CSharp,Game,SakashoProductManager,name-keyword
Assembly-CSharp,Game,SakashoProductMiiSuitShop,name-keyword
Assembly-CSharp,Game,SakashoProfanityWordManager,name-keyword
Assembly-CSharp,Game,SakashoPvPBattleRuleScheduleManager,name-keyword
Assembly-CSharp,Game,SakashoPvPRuleScheduleManager,name-keyword
Assembly-CSharp,Game,SakashoQuickStartManager,name-keyword
Assembly-CSharp,Game,SakashoRaceIndividualCourse,name-keyword
Assembly-CSharp,Game,SakashoRaceManager,name-keyword
Assembly-CSharp,Game,SakashoRaceMatchingCandidateInfo,name-keyword
Assembly-CSharp,Game,SakashoRankingManager,name-keyword
Assembly-CSharp,Game,SakashoRefreshEventDispatcher,name-keyword
Assembly-CSharp,Game,SakashoRequestChecker,name-keyword
Assembly-CSharp,Game,SakashoResponseDecodeErrorHandler,name-keyword
Assembly-CSharp,Game,SakashoReverseLookupTableManager,name-keyword
Assembly-CSharp,Game,SakashoSeasonEndingManager,name-keyword
Assembly-CSharp,Game,SakashoServerConfig,name-keyword
Assembly-CSharp,Game,SakashoStorageManager,name-keyword
Assembly-CSharp,Game,SakashoSubscriptionManager,name-keyword
Assembly-CSharp,Game,SakashoSuperWinManager,name-keyword
Assembly-CSharp,Game,SakashoTimeEventDispatcher,name-keyword
Assembly-CSharp,Game,SakashoTitleImage,name-keyword
Assembly-CSharp,Game,SakashoUnshownErrorHandler,name-keyword
Assembly-CSharp,Game,SakashoUserProfileManager,name-keyword
Assembly-CSharp,Game,SakashoUtil,name-keyword
Assembly-CSharp,Game,SakashoV2SecurityManager,name-keyword
Assembly-CSharp,Game,SakashoVirtualCurrencyManager,name-keyword
Assembly-CSharp,Game,SakashoWappenSheetManager,name-keyword
Assembly-CSharp,Game,SakashoWebViewContentManager,name-keyword
Assembly-CSharp,Game,SakashoWorldMiiDataManager,name-keyword
Assembly-CSharp,Game,ScriptableCameraP2PStartDemo,name-keyword
Assembly-CSharp,Game,ScriptableMatchingP2PParam,name-keyword
Assembly-CSharp,Game,ScriptableMatchingParam,name-keyword
Assembly-CSharp,Game,TrialScriptableP2PBossKoopaConfig,name-keyword
Assembly-CSharp,Game,UIAuthorizeAndLinkNintendoAccountAction,name-keyword
Assembly-CSharp,Game,UIAuthorizeNintendoAccountAction,name-keyword
Assembly-CSharp,Game,UIBtnNetPlayLobbyTxtInfoDynamicMessage,name-keyword
Assembly-CSharp,Game,UIClearWebRequestTextureAllAction,name-keyword
Assembly-CSharp,Game,UIDiscountRateAnimationSynchronize,name-keyword
Assembly-CSharp,Game,UIDiscountRateAnimationSynchronizeElement,name-keyword
Assembly-CSharp,Game,UIDownloadInfo,name-keyword
Assembly-CSharp,Game,UIDownloadResourceAllAction,name-keyword
Assembly-CSharp,Game,UIDynamicNetPlayLobbyContentBaseImageSwitcher,name-keyword
Assembly-CSharp,Game,UIDynamicWaitPvpImageLoader,name-keyword
Assembly-CSharp,Game,UIExternalDownload,name-keyword
Assembly-CSharp,Game,UIExternalP2PRace,name-keyword
Assembly-CSharp,Game,UIForceLoginNintendoAccountSequenceAction,name-keyword
Assembly-CSharp,Game,UIFriendIdRequestButton,name-keyword
Assembly-CSharp,Game,UIFriendRequestAction,name-keyword
Assembly-CSharp,Game,UILoginBonusInfo,name-keyword
Assembly-CSharp,Game,UILoginBonusList,name-keyword
Assembly-CSharp,Game,UILoginBonusListItem,name-keyword
Assembly-CSharp,Game,UILoginBonusTitleDynamicMessage,name-keyword
Assembly-CSharp,Game,UIMultiPlayLobbyInAction,name-keyword
Assembly-CSharp,Game,UIMultiPlayQuitSessionAction,name-keyword
Assembly-CSharp,Game,UINetPlayLobbyComponent,name-keyword
Assembly-CSharp,Game,UINetPlayLobbyList1,name-keyword
Assembly-CSharp,Game,UINetPlayLobbyListItem,name-keyword
Assembly-CSharp,Game,UIP2PErrorAction,name-keyword
Assembly-CSharp,Game,UIP2PEventRaceInfo,name-keyword
Assembly-CSharp,Game,UIP2PEventTitleDynamicMessage,name-keyword
Assembly-CSharp,Game,UIP2PForceFinish,name-keyword
Assembly-CSharp,Game,UIP2PQuitSessionAction,name-keyword
Assembly-CSharp,Game,UIP2PRaceLobbyListItem,name-keyword
Assembly-CSharp,Game,UIP2PRaceLobbyUserListItem,name-keyword
Assembly-CSharp,Game,UIP2PRacePreloadAction,name-keyword
Assembly-CSharp,Game,UIP2PRaceRuleSetting,name-keyword
Assembly-CSharp,Game,UIP2PSearchPinLobbyAction,name-keyword
Assembly-CSharp,Game,UIPvPForceFinishDynamicMessage,name-keyword
Assembly-CSharp,Game,UIPvPPremiumPassExplanationDynamicMessage,name-keyword
Assembly-CSharp,Game,UIPvPPremiumPassExplanationScreen,name-keyword
Assembly-CSharp,Game,UIPvPRaceNumBeltDynamicMessage,name-keyword
Assembly-CSharp,Game,UIPvPRuleBalloonNumDynamicMessage,name-keyword
Assembly-CSharp,Game,UIPvPRuleBattleNumDynamicMessage,name-keyword
Assembly-CSharp,Game,UIPvPRuleCOMKartActivityDynamicMessage,name-keyword
Assembly-CSharp,Game,UIPvPRuleCheckCategoryDynamicMessage,name-keyword
Assembly-CSharp,Game,UIPvPRuleCheckItemDynamicMessage,name-keyword
Assembly-CSharp,Game,UIPvPRuleCheckRaceOrBattleNumDynamicMessage,name-keyword
Assembly-CSharp,Game,UIPvPRuleCheckRaceOrBattleNumTitleDynamicMessage,name-keyword
Assembly-CSharp,Game,UIPvPRuleCheckSpeedOrBalloonDynamicMessage,name-keyword
Assembly-CSharp,Game,UIPvPRuleItemSlotNumDynamicMessage,name-keyword
Assembly-CSharp,Game,UIPvPRuleJoinAcceptTypeDynamicMessage,name-keyword
Assembly-CSharp,Game,UIPvPRuleLimitedToItemDynamicMessage,name-keyword
Assembly-CSharp,Game,UIPvPRuleRaceNumDynamicMessage,name-keyword
Assembly-CSharp,Game,UIPvPRuleTeamNumDynamicMessage,name-keyword
Assembly-CSharp,Game,UIPvPTreasureInfo,name-keyword
Assembly-CSharp,Game,UIPvPTreasureScreen,name-keyword
Assembly-CSharp,Game,UIPvpBattleRandomMatchRuleDynamicMessage,name-keyword
Assembly-CSharp,Game,UIPvpEntryWinCountDynamicMessage,name-keyword
Assembly-CSharp,Game,UIPvpPinCodePlaceHolderDynamicMessage,name-keyword
Assembly-CSharp,Game,UIPvpPinCodeShareDynamicMessage,name-keyword
Assembly-CSharp,Game,UIPvpPinInput,name-keyword
Assembly-CSharp,Game,UIPvpRandomMatchRuleDynamicMessage,name-keyword
Assembly-CSharp,Game,UIPvpResultWinCountDynamicMessage,name-keyword
Assembly-CSharp,Game,UIPvpTopWinCountDynamicMessage,name-keyword
Assembly-CSharp,Game,UIPvpWaitPlayerEntryListDynamicMessage,name-keyword
Assembly-CSharp,Game,UIPvpWaitPlayerEntryListTipsDynamicMessage,name-keyword
Assembly-CSharp,Game,UIPvpWaitUIDynamicMessage,name-keyword
Assembly-CSharp,Game,UIPvpWaitUIForLobbyMatchDynamicMessage,name-keyword
Assembly-CSharp,Game,UIPvpWaitUITipsLobbyMatchDynamicMessage,name-keyword
Assembly-CSharp,Game,UIPvpWaitUITipsRandomMatchDynamicMessage,name-keyword
Assembly-CSharp,Game,UIRacePvPErrorManager,name-keyword
Assembly-CSharp,Game,UIRacePvPSequence,name-keyword
Assembly-CSharp,Game,UIRequestRetryAction,name-keyword
Assembly-CSharp,Game,UISelectPvPRoomTypeScreen,name-keyword
Assembly-CSharp,Game,UISkillLevelAnimationSynchronize,name-keyword
Assembly-CSharp,Game,UIUtilP2P,name-keyword
Assembly-CSharp,Game,UIWebViewOpenSakashoUrlAction,name-keyword
Assembly-CSharp,Game,UnityApiAdapterAnimator,name-keyword
Assembly-CSharp,Game,UnityApiAdapterCamera,name-keyword
Assembly-CSharp,Game,UnityApiAdapterDefine,name-keyword
Assembly-CSharp,Game,UnityApiAdapterGameObject,name-keyword
Assembly-CSharp,Game,UnityApiAdapterGameObjectBuffer,name-keyword
Assembly-CSharp,Game,UnityApiAdapterTransform,name-keyword
Assembly-CSharp,Game,WwiseApiAdapterEvent,name-keyword
Assembly-CSharp,Game,WwiseApiAdapterEventBuffer,name-keyword
Assembly-CSharp,Uge,SynchronizedAnimation,name-keyword
Assembly-CSharp,Uge,SynchronizedAnimationImage,name-keyword
Assembly-CSharp,Uge,SynchronizedAnimationImageManager,name-keyword
Assembly-CSharp,Uge,SynchronizedAnimationImageManagerSettings,name-keyword
Assembly-CSharp,Uge,SynchronizedScaleAnimation,name-keyword
Assembly-CSharp,Uge,SynchronizedScaleAnimationManager,name-keyword
Assembly-CSharp,Uge,SynchronizedScaleAnimationManagerSettings,name-keyword
Assembly-CSharp,Uge,TransformClone,name-keyword
Assembly-CSharp,Util,ErrorCodePia,name-keyword
Assembly-CSharp,Util,ErrorCodePiaIterator,name-keyword
Assembly-CSharp,Util,ErrorCodeSakashoCommonIterator,name-keyword
Assembly-CSharp,Util,ErrorCodeSakashoCommonMapping,name-keyword
Assembly-CSharp,Util,ErrorCodeSakashoSpecificModuleMapping,name-keyword
Nabe,Nabe.Internal,Downloader,name-keyword
NativeGallery.Runtime,,NativeGallery,name-keyword
com.nintendo.piaunity,nn.pia.clone,AtomicProtocol,name-keyword
com.nintendo.piaunity,nn.pia.clone,AtomicProtocol,name-keyword
com.nintendo.piaunity,nn.pia.clone,BroadcastEventProtocol,name-keyword
com.nintendo.piaunity,nn.pia.clone,BroadcastEventProtocol,name-keyword
com.nintendo.piaunity,nn.pia.clone,ClockProtocol,name-keyword
com.nintendo.piaunity,nn.pia.clone,ClockProtocol,name-keyword
com.nintendo.piaunity,nn.pia.clone,ConnectionEvent,name-keyword
com.nintendo.piaunity,nn.pia.clone,EventProtocolBase,name-keyword
com.nintendo.piaunity,nn.pia.clone,EventProtocolBase,name-keyword
com.nintendo.piaunity,nn.pia.cloud,Api,name-keyword
com.nintendo.piaunity,nn.pia.cloud,CloudCreateSessionSetting,name-keyword
com.nintendo.piaunity,nn.pia.cloud,CloudCreateSessionSetting,name-keyword
com.nintendo.piaunity,nn.pia.cloud,CloudJoinRandomSessionSetting,name-keyword
com.nintendo.piaunity,nn.pia.cloud,CloudNetworkFactory,name-keyword
com.nintendo.piaunity,nn.pia.cloud,CloudNetworkFactory,name-keyword
com.nintendo.piaunity,nn.pia.cloud,CloudNetworkSetting,name-keyword
com.nintendo.piaunity,nn.pia.cloud,CloudRegionConst,name-keyword
com.nintendo.piaunity,nn.pia.cloud,CloudService,name-keyword
com.nintendo.piaunity,nn.pia.cloud,CloudService,name-keyword
com.nintendo.piaunity,nn.pia.cloud,CloudSessionSearchCriteria,name-keyword
com.nintendo.piaunity,nn.pia.common,Api,name-keyword
com.nintendo.piaunity,nn.pia.common,StartupNetworkSetting,name-keyword
com.nintendo.piaunity,nn.pia.emulation,EmulationNetworkFactory,name-keyword
com.nintendo.piaunity,nn.pia.emulation,EmulationNetworkFactory,name-keyword
com.nintendo.piaunity,nn.pia.framework,Api,name-keyword
com.nintendo.piaunity,nn.pia.framework,StartupSessionSetting,name-keyword
com.nintendo.piaunity,nn.pia.izumo,IzumoCreateSessionSetting,name-keyword
com.nintendo.piaunity,nn.pia.izumo,IzumoCreateSessionSetting,name-keyword
com.nintendo.piaunity,nn.pia.izumo,IzumoJoinRandomSessionSetting,name-keyword
com.nintendo.piaunity,nn.pia.izumo,IzumoNetworkFactory,name-keyword
com.nintendo.piaunity,nn.pia.izumo,IzumoNetworkSetting,name-keyword
com.nintendo.piaunity,nn.pia.izumo,IzumoNetworkSetting,name-keyword
com.nintendo.piaunity,nn.pia.izumo,IzumoService,name-keyword
com.nintendo.piaunity,nn.pia.izumo,IzumoService,name-keyword
com.nintendo.piaunity,nn.pia.izumo,IzumoSessionSearchCriteria,name-keyword
com.nintendo.piaunity,nn.pia.nat,Api,name-keyword
com.nintendo.piaunity,nn.pia.nat,Api,name-keyword
com.nintendo.piaunity,nn.pia.nat,NatProperty,name-keyword
com.nintendo.piaunity,nn.pia.net,NetCreateSessionSetting,name-keyword
com.nintendo.piaunity,nn.pia.net,NetJoinSessionSetting,name-keyword
com.nintendo.piaunity,nn.pia.net,NetSessionSearchCriteria,name-keyword
com.nintendo.piaunity,nn.pia.net,NetSessionStartupSetting,name-keyword
com.nintendo.piaunity,nn.pia.reckoning,Reckoning1dProtocol,name-keyword
com.nintendo.piaunity,nn.pia.reckoning,Reckoning1dProtocol,name-keyword
com.nintendo.piaunity,nn.pia.reckoning,Reckoning3dProtocol,name-keyword
com.nintendo.piaunity,nn.pia.reckoning,Reckoning3dProtocol,name-keyword
com.nintendo.piaunity,nn.pia.session,CreateSessionSetting,name-keyword
com.nintendo.piaunity,nn.pia.session,Session,name-keyword
com.nintendo.piaunity,nn.pia.session,Session,name-keyword
com.nintendo.piaunity,nn.pia.session,SessionStartupSetting,name-keyword
com.nintendo.piaunity,nn.pia.session,SessionStationManager,name-keyword
com.nintendo.piaunity,nn.pia.session,SessionStationManager,name-keyword
com.nintendo.piaunity,nn.pia.sync,PiaSyncDefinitions,name-keyword
com.nintendo.piaunity,nn.pia.sync,SyncProtocol,name-keyword
com.nintendo.piaunity,nn.pia.sync,SyncProtocol,name-keyword
com.nintendo.piaunity,nn.pia.transport,BroadcastReliableProtocol,name-keyword
com.nintendo.piaunity,nn.pia.transport,BroadcastReliableProtocol,name-keyword
com.nintendo.piaunity,nn.pia.transport,ConnectionAnalysisData,name-keyword
com.nintendo.piaunity,nn.pia.transport,ConnectionAnalysisData,name-keyword
com.nintendo.piaunity,nn.pia.transport,PacketAnalysisData,name-keyword
com.nintendo.piaunity,nn.pia.transport,PacketAnalysisData,name-keyword
com.nintendo.piaunity,nn.pia.transport,PiaTransportDefinitions,name-keyword
com.nintendo.piaunity,nn.pia.transport,ProtocolAnalysisData,name-keyword
com.nintendo.piaunity,nn.pia.transport,ProtocolAnalysisData,name-keyword
com.nintendo.piaunity,nn.pia.transport,ProtocolId,name-keyword
com.nintendo.piaunity,nn.pia.transport,ReliableProtocol,name-keyword
com.nintendo.piaunity,nn.pia.transport,ReliableProtocol,name-keyword
com.nintendo.piaunity,nn.pia.transport,StationManager,name-keyword
com.nintendo.piaunity,nn.pia.transport,StationManager,name-keyword
com.nintendo.piaunity,nn.pia.transport,StreamBroadcastReliableProtocol,name-keyword
com.nintendo.piaunity,nn.pia.transport,StreamBroadcastReliableProtocol,name-keyword
com.nintendo.piaunity,nn.pia.transport,Transport,name-keyword
com.nintendo.piaunity,nn.pia.transport,Transport,name-keyword
com.nintendo.piaunity,nn.pia.transport,TransportAnalysisData,name-keyword
com.nintendo.piaunity,nn.pia.transport,TransportAnalysisData,name-keyword
com.nintendo.piaunity,nn.pia.transport,UnreliableProtocol,name-keyword
com.nintendo.piaunity,nn.pia.transport,UnreliableProtocol,name-keyword
com.nintendo.piaunity,nn.pia.wan,WanCreateSessionSetting,name-keyword
com.nintendo.piaunity,nn.pia.wan,WanCreateSessionSetting,name-keyword
com.nintendo.piaunity,nn.pia.wan,WanNetworkSetting,name-keyword
com.nintendo.piaunity,nn.pia.wan,WanNetworkSetting,name-keyword
com.nintendo.piaunity,nn.pia.wan,WanRoomIdConstant,name-keyword
com.nintendo.piaunity,nn.pia.wan,WanService,name-keyword
com.nintendo.piaunity,nn.pia.wan,WanService,name-keyword
com.nintendo.piaunity,nn.pia.wan,WanSessionSearchCriteria,name-keyword
com.nintendo.piaunity,nn.pia.wan,WanSessionStartupSetting,name-keyword
